id,email,password,fullName,profilePicture,bio,role,createdAt,updatedAt,isAdmin
cmfx2o1fc0000xzz34x5703gz,Bill.Mayert17@hotmail.com,Msptwr5GvKyFpU_,Leigh Glover,https://i.pravatar.cc/150?img=40,,INSTRUCTOR,2025-09-23 21:33:29.762,2025-09-23 21:33:29.762,false
cmfx2o1ff0001xzz3wl84fz8x,Aracely_Cummings12@yahoo.com,tiTXkI2kCJRXyqW,Troy Jakubowski,https://i.pravatar.cc/150?img=58,,INSTRUCTOR,2025-09-23 21:33:29.762,2025-09-23 21:33:29.762,false
cmfx2o1ff0002xzz3o3yebz6w,John_OKeefe81@yahoo.com,5HOUiQBr8eScWjV,Sara Paucek,https://i.pravatar.cc/150?img=31,Quia cinis temperantia nam vir. Adflicto conculco sumo ter crustulum annus.,INSTRUCTOR,2025-09-23 21:33:29.762,2025-09-23 21:33:29.762,false
cmfx2o1fg0003xzz3143itmy0,Jose.Fritsch@hotmail.com,8Pl2CEjqBC2M2Tj,Nora Johnston DVM,https://i.pravatar.cc/150?img=34,Textor pectus aranea deorsum voveo. Cauda desparatus creo ver ea tamquam tenus articulus.,INSTRUCTOR,2025-09-23 21:33:29.762,2025-09-23 21:33:29.762,false
cmfx2o1fn0004xzz3ffrqtjnh,Jules_Bashirian15@yahoo.com,Net3eRIhjZeBTbi,Terry Christiansen,https://i.pravatar.cc/150?img=43,,INSTRUCTOR,2025-09-23 21:33:29.762,2025-09-23 21:33:29.762,false
cmfx2o1fn0005xzz3ixbj5fxe,Giovanni_Raynor81@gmail.com,6KnQ8Pvtr9qWIUX,Molly Hickle PhD,https://i.pravatar.cc/150?img=64,,INSTRUCTOR,2025-09-23 21:33:29.762,2025-09-23 21:33:29.762,false
cmfx2o1fn0006xzz3vt9rk1y6,Ciara86@yahoo.com,54pnEATbQzKOrvb,Jodi Mosciski,https://i.pravatar.cc/150?img=38,,INSTRUCTOR,2025-09-23 21:33:29.762,2025-09-23 21:33:29.762,false
cmfx2o1fn0007xzz3xak8h6u3,Jocelyn59@gmail.com,qEcfsi8gUi_3myU,Johnathan Fay Sr.,https://i.pravatar.cc/150?img=15,Sono conculco ante spes commodo audentia molestiae tumultus tenuis altus. Statim deporto denique.,INSTRUCTOR,2025-09-23 21:33:29.762,2025-09-23 21:33:29.762,false
cmfx2o1fn0008xzz3l4fxed29,Jeanette65@hotmail.com,aHXDvJhheU2C1JV,Charles Murphy,https://i.pravatar.cc/150?img=20,,INSTRUCTOR,2025-09-23 21:33:29.762,2025-09-23 21:33:29.762,false
cmfx2o1fn0009xzz3zsbs33ww,Jeromy48@yahoo.com,UQYcCSaC9m7icTp,Irvin Schulist IV,https://i.pravatar.cc/150?img=21,Cursim autem accusator culpo arx. Accendo quae ratione damnatio numquam molestias stips.,INSTRUCTOR,2025-09-23 21:33:29.762,2025-09-23 21:33:29.762,false
cmfx2o1fn000axzz3e5lkjbe1,Robert4@hotmail.com,e3k6v3VZV1ikvoH,Ella Tillman,https://i.pravatar.cc/150?img=25,,INSTRUCTOR,2025-09-23 21:33:29.762,2025-09-23 21:33:29.762,false
cmfx2o1fn000bxzz3to7th5qp,Cloyd_Zulauf80@yahoo.com,cWJo2UFJ94g6wpv,Mitchell Effertz,https://i.pravatar.cc/150?img=40,,INSTRUCTOR,2025-09-23 21:33:29.762,2025-09-23 21:33:29.762,false
cmfx2o1fn000cxzz3e945kgl5,Cali.Hagenes56@hotmail.com,sZU9fmsivAHu_BN,Melinda Cole,https://i.pravatar.cc/150?img=30,Comburo conscendo candidus vindico vicissitudo. Aequus vindico vinum vestigium canto laudantium similique.,INSTRUCTOR,2025-09-23 21:33:29.762,2025-09-23 21:33:29.762,false
cmfx2o1fn000dxzz3w3iy6y5w,Rosa19@hotmail.com,OfSjFNMZPPW3Kmh,Ms. Delia Prosacco,https://i.pravatar.cc/150?img=8,,INSTRUCTOR,2025-09-23 21:33:29.762,2025-09-23 21:33:29.762,false
cmfx2o1pt000exzz3sabbhw19,Dereck.Towne@yahoo.com,uPHrhanqK1qfX7C,Johnathan Gottlieb,https://i.pravatar.cc/150?img=33,,TA,2025-09-23 21:33:30.161,2025-09-23 21:33:30.161,false
cmfx2o1pt000fxzz3aesbtqzk,Margot50@hotmail.com,vU2av1j7gpR6ET4,Derek Grant,https://i.pravatar.cc/150?img=65,,TA,2025-09-23 21:33:30.161,2025-09-23 21:33:30.161,false
cmfx2o1pt000gxzz306jnc8pb,Laney.Quigley21@hotmail.com,WfK1QwwVrfuu99U,Phil DuBuque,https://i.pravatar.cc/150?img=19,Admoveo sordeo ambulo colo virgo. Agnitio brevis assentator adamo inflammatio animus totam cibo.,TA,2025-09-23 21:33:30.161,2025-09-23 21:33:30.161,false
cmfx2o1pt000hxzz3vg3vd6tz,Nils_Auer18@yahoo.com,XW5rv9YXbFcycE2,Ms. Viola Nienow,https://i.pravatar.cc/150?img=65,,TA,2025-09-23 21:33:30.161,2025-09-23 21:33:30.161,false
cmfx2o1pt000ixzz3qk7tyocr,Rosario_Leffler93@hotmail.com,vpebz3y0znJeqnG,Santiago Romaguera,https://i.pravatar.cc/150?img=27,,TA,2025-09-23 21:33:30.161,2025-09-23 21:33:30.161,false
cmfx2o1pt000jxzz3mzxzisup,Mary.Heller@hotmail.com,NNsU_8S6F3w78ss,Melinda Hintz,https://i.pravatar.cc/150?img=4,Sordeo adinventitias doloribus currus. Copia amaritudo earum subiungo impedit.,TA,2025-09-23 21:33:30.161,2025-09-23 21:33:30.161,false
cmfx2o1pt000kxzz3eqxhk5xt,Boris29@gmail.com,0MJLb_puQQOAvqe,Mr. Glenn Ratke V,https://i.pravatar.cc/150?img=41,,TA,2025-09-23 21:33:30.161,2025-09-23 21:33:30.161,false
cmfx2o1pt000lxzz32211tlo2,Lyda57@gmail.com,2jFsLGxx4a7vbkJ,Gilberto Goodwin,https://i.pravatar.cc/150?img=65,,TA,2025-09-23 21:33:30.161,2025-09-23 21:33:30.161,false
cmfx2o1pt000mxzz3vn5ayas1,Juston_Baumbach4@hotmail.com,tMrEk86vsK2xiJn,Blake Spencer,https://i.pravatar.cc/150?img=44,Vivo vociferor cunae arma cohors certus studio. Volutabrum fugiat balbus aqua nam deduco.,TA,2025-09-23 21:33:30.161,2025-09-23 21:33:30.161,false
cmfx2o1pt000nxzz3xglc4s96,Jazmyn_Heidenreich84@gmail.com,KfDjYcCQYtv3nJq,Dr. Cathy Ritchie,https://i.pravatar.cc/150?img=69,,TA,2025-09-23 21:33:30.161,2025-09-23 21:33:30.161,false
cmfx2o1pt000oxzz31ofaqa5x,Abbey.Kautzer@hotmail.com,4mIfsloTSHFd2zC,Elias Boyer,https://i.pravatar.cc/150?img=59,,TA,2025-09-23 21:33:30.161,2025-09-23 21:33:30.161,false
cmfx2o1pt000pxzz346bopwdv,Vern46@gmail.com,THASJdmzQatu_IU,Cheryl Kunde,https://i.pravatar.cc/150?img=10,Verbera delicate appositus soleo succurro cavus soluta collum comprehendo. Commodo umquam vestrum est totidem cohors victoria quia adficio decumbo.,TA,2025-09-23 21:33:30.161,2025-09-23 21:33:30.161,false
cmfx2o1pt000qxzz3l1mlmz85,Taurean.Homenick46@yahoo.com,KdTIwxF02Q4mmix,Carl Champlin,https://i.pravatar.cc/150?img=1,,TA,2025-09-23 21:33:30.161,2025-09-23 21:33:30.161,false
cmfx2o1pt000rxzz39xs5pw24,Bailey_Crooks@gmail.com,_DlqxY9FAvC8a2m,Miss Lillie Block,https://i.pravatar.cc/150?img=7,Vomer fugiat amor audio bonus vomica undique custodia thymbra abbas. Asperiores aufero curia.,TA,2025-09-23 21:33:30.161,2025-09-23 21:33:30.161,false
cmfx2o1pt000sxzz3ecsgerhb,Burnice16@gmail.com,uAxlqMT18Gjk8eM,Mr. Alfredo Franey,https://i.pravatar.cc/150?img=61,,TA,2025-09-23 21:33:30.161,2025-09-23 21:33:30.161,false
cmfx2o1zp000txzz33fxr625j,Jayne62@yahoo.com,EYjBFtK4n5YIs7c,Harold Anderson,https://i.pravatar.cc/150?img=15,Crapula molestiae textilis contabesco. Libero aufero tero audacia error capio cerno complectus.,STUDENT,2025-09-23 21:33:30.517,2025-09-23 21:33:30.517,false
cmfx2o1zp000uxzz30iy3607z,Nadia.Hartmann75@gmail.com,jMXJgBTpfdN8U4w,Mr. Phil Emard,https://i.pravatar.cc/150?img=47,,STUDENT,2025-09-23 21:33:30.517,2025-09-23 21:33:30.517,false
cmfx2o1zp000vxzz3w403wdnz,Scotty.Murphy@gmail.com,ZCvMN1q2e42gx4e,Lucy Davis,https://i.pravatar.cc/150?img=7,Infit cerno sustineo. Magnam spiculum cupiditate somnus cohibeo curiositas terreo claudeo ducimus tumultus.,STUDENT,2025-09-23 21:33:30.517,2025-09-23 21:33:30.517,false
cmfx2o1zp000wxzz3ca1yhs3e,Leif.Nader22@gmail.com,PghzLZ4LyvLmYt4,Warren Bosco,https://i.pravatar.cc/150?img=61,Temeritas adipisci acsi ulterius. Spes aequitas tertius expedita territo thymbra depopulo.,STUDENT,2025-09-23 21:33:30.517,2025-09-23 21:33:30.517,false
cmfx2o1zp000xxzz3owurqpk0,Marley_Sipes@yahoo.com,_WVxSTwfgxfroyp,Mrs. Jasmine Wolff,https://i.pravatar.cc/150?img=9,Tibi comparo brevis advenio vaco teneo. Vilicus adsuesco brevis corrigo trans admoveo solium acidus.,STUDENT,2025-09-23 21:33:30.517,2025-09-23 21:33:30.517,false
cmfx2o1zp000yxzz3dpn43w2z,Kasandra.Baumbach85@hotmail.com,DFkk2xdyJYQtLHz,Mr. Cecil Denesik,https://i.pravatar.cc/150?img=53,Decumbo natus velit repellat amor vereor minima adhaero totidem. Assumenda complectus utroque vis vos.,STUDENT,2025-09-23 21:33:30.517,2025-09-23 21:33:30.517,false
cmfx2o1zp000zxzz3rbp8emca,Kelvin.Jacobs@gmail.com,rg3XN1lrZB87_Qg,Mrs. Lana Johnson PhD,https://i.pravatar.cc/150?img=42,,STUDENT,2025-09-23 21:33:30.517,2025-09-23 21:33:30.517,false
cmfx2o1zp0010xzz3wh0ep5f5,Camille.Turcotte48@hotmail.com,8syk2wnYCENpR2r,Tyrone Corkery-Bashirian,https://i.pravatar.cc/150?img=44,,STUDENT,2025-09-23 21:33:30.517,2025-09-23 21:33:30.517,false
cmfx2o1zp0011xzz33o6r3n4u,Travis_Homenick60@gmail.com,JteEqIZW4C9JOXb,June Rosenbaum,https://i.pravatar.cc/150?img=23,,STUDENT,2025-09-23 21:33:30.517,2025-09-23 21:33:30.517,false
cmfx2o1zp0012xzz3iypaybj9,Madisyn_Aufderhar@gmail.com,ErHV70NgNMv9RGT,Donnie Funk-Rogahn MD,https://i.pravatar.cc/150?img=62,,STUDENT,2025-09-23 21:33:30.517,2025-09-23 21:33:30.517,false
cmfx2o1zp0013xzz3cgbmmzdp,Jerel.Morissette58@hotmail.com,Lh4PZk2Mpsn1fBf,Randy Bahringer,https://i.pravatar.cc/150?img=42,,STUDENT,2025-09-23 21:33:30.517,2025-09-23 21:33:30.517,false
cmfx2o1zp0014xzz3l3dco7zx,Martina58@gmail.com,io5aba1NpDxGAIA,Matthew Leannon,https://i.pravatar.cc/150?img=11,,STUDENT,2025-09-23 21:33:30.517,2025-09-23 21:33:30.517,false
cmfx2o1zp0015xzz36ujh2z12,Kraig_Wolf1@gmail.com,q1WiOvfor0dOlY3,Kay Langosh,https://i.pravatar.cc/150?img=68,Laudantium vilicus thermae victoria somniculosus commodo bos sperno depono. Accommodo aliqua vacuus celebrer.,STUDENT,2025-09-23 21:33:30.517,2025-09-23 21:33:30.517,false
cmfx2o1zp0016xzz3kmcfdhew,Krystal_Rippin74@hotmail.com,XWGXCc1bvve0tBz,Marjorie Fisher,https://i.pravatar.cc/150?img=14,Civis arguo uredo bardus spes bibo aqua. Conduco desino vilicus ciminatio tenuis tempore thesis carbo optio.,STUDENT,2025-09-23 21:33:30.517,2025-09-23 21:33:30.517,false
cmfx2o1zp0017xzz3d04fyo70,Eulah.Conn56@hotmail.com,eD1bQfSyy60vpPK,Carla Strosin,https://i.pravatar.cc/150?img=17,Bardus bibo adhuc arceo cimentarius. Ustulo depono creber.,STUDENT,2025-09-23 21:33:30.517,2025-09-23 21:33:30.517,false
cmfx2o1zp0018xzz37n4naqz9,Marc_Cummings@hotmail.com,gHHDKfOYQ_SMnsz,Bruce Aufderhar,https://i.pravatar.cc/150?img=34,Clibanus apparatus deprimo utique. Cohaero culpo tabernus auditor ventosus callide abundans.,STUDENT,2025-09-23 21:33:30.517,2025-09-23 21:33:30.517,false
cmfx2o1zp0019xzz363ig0zpr,Freda.Renner62@hotmail.com,ssvwbR_Bv5bSyAc,Brian Reinger Jr.,https://i.pravatar.cc/150?img=24,Decimus quos tepesco aedificium infit averto. Cupiditate summisse tremo unus coepi canis acsi creptio tunc fugit.,STUDENT,2025-09-23 21:33:30.517,2025-09-23 21:33:30.517,false
cmfx2o1zp001axzz3c6y6ey7f,Rebeca_Emard@yahoo.com,RVE4SgpQ9KJgN9N,Dan Klein DDS,https://i.pravatar.cc/150?img=55,,STUDENT,2025-09-23 21:33:30.517,2025-09-23 21:33:30.517,false
cmfx2o1zp001bxzz3rv92txqt,Glenna32@gmail.com,hjkYedfPCq1C0Wi,Ignacio Hills Sr.,https://i.pravatar.cc/150?img=56,Armarium dapifer altus curtus ab cur vesica. Unde tui armarium summa vulariter tumultus quisquam.,STUDENT,2025-09-23 21:33:30.517,2025-09-23 21:33:30.517,false
cmfx2o1zp001cxzz3829ur8h9,Dana_Smitham-Cole19@gmail.com,TIYW6yDOdmQgJWh,Teresa Kovacek,https://i.pravatar.cc/150?img=40,Solium beneficium colo supra copiose adstringo calculus a cura. Astrum congregatio arcesso sophismata communis.,STUDENT,2025-09-23 21:33:30.517,2025-09-23 21:33:30.517,false
cmfx2o1zp001dxzz3qgo1sk43,Sydnie0@yahoo.com,0cSb3rTl7Jb2vQM,Julian Kessler,https://i.pravatar.cc/150?img=9,,STUDENT,2025-09-23 21:33:30.517,2025-09-23 21:33:30.517,false
cmfx2o1zp001exzz3er5r6u6s,Santa_Cole@yahoo.com,zkEdABrpOfYpf_x,Ana Runte,https://i.pravatar.cc/150?img=56,Qui voluptas tenax tandem virga consectetur unde. Comedo contego sol temporibus adipiscor.,STUDENT,2025-09-23 21:33:30.517,2025-09-23 21:33:30.517,false
cmfx2o1zp001fxzz3occmui2q,Heber_Conroy@hotmail.com,xa5_3mRGwfy9UdG,Muriel Schuster-Wiza,https://i.pravatar.cc/150?img=64,Auctor titulus vestigium succedo cuius contigo colligo aduro. Depono solium quaerat corona confero ambitus cado.,STUDENT,2025-09-23 21:33:30.517,2025-09-23 21:33:30.517,false
cmfx2o1zp001gxzz3rbosrswr,Stephany31@hotmail.com,tpUEnqlMgt57noa,Alton Kemmer V,https://i.pravatar.cc/150?img=37,Adopto nemo patior correptius. Tum chirographum confido illum tardus clibanus.,STUDENT,2025-09-23 21:33:30.517,2025-09-23 21:33:30.517,false
cmfx2o1zp001hxzz3ng4umlwf,Erica18@gmail.com,bGuERxk4oTMCYfd,Austin Lang,https://i.pravatar.cc/150?img=9,Creptio convoco subvenio candidus adduco. Demonstro adimpleo venustas coniuratio conspergo.,STUDENT,2025-09-23 21:33:30.517,2025-09-23 21:33:30.517,false
cmfx2o1zp001ixzz3qfl1lxmx,Jamey59@hotmail.com,3UvWMue8jJFAn4o,Sylvia Russel III,https://i.pravatar.cc/150?img=9,Audeo vilitas comptus cunctatio volutabrum tardus coniuratio. Utrum comminor ea atrocitas conculco carpo rerum tibi.,STUDENT,2025-09-23 21:33:30.517,2025-09-23 21:33:30.517,false
cmfx2o1zp001jxzz3toe6a0dc,Easter44@yahoo.com,QFSj3R4VkFZRdOT,Conrad Reilly,https://i.pravatar.cc/150?img=5,,STUDENT,2025-09-23 21:33:30.517,2025-09-23 21:33:30.517,false
cmfx2o1zp001kxzz3snn60kkr,Avery_Waelchi@hotmail.com,naoyCOLjIekm9iF,Tomas Treutel,https://i.pravatar.cc/150?img=44,,STUDENT,2025-09-23 21:33:30.517,2025-09-23 21:33:30.517,false
cmfx2o1zp001lxzz3bdxj8c14,Stella.Gislason79@yahoo.com,sDB4cb4Iv73jj0Q,Micheal Gibson,https://i.pravatar.cc/150?img=51,Synagoga commodo sollicito patior. Tandem defleo decimus optio ascisco defluo charisma depulso.,STUDENT,2025-09-23 21:33:30.517,2025-09-23 21:33:30.517,false
cmfx2o1zp001mxzz3sczhl8q2,Marjory.Feeney60@hotmail.com,acUZ27OF7imICol,Patti Shanahan,https://i.pravatar.cc/150?img=15,Inventore dicta architecto vulticulus. Velut copiose velum concido certe spiculum.,STUDENT,2025-09-23 21:33:30.517,2025-09-23 21:33:30.517,false
cmfx2o1zp001nxzz3j8mw8rlh,Rashawn99@yahoo.com,87pXr_HksHNwzyd,Alyssa Schmitt,https://i.pravatar.cc/150?img=59,,STUDENT,2025-09-23 21:33:30.517,2025-09-23 21:33:30.517,false
cmfx2o1zp001oxzz322qk4re5,Aglae31@hotmail.com,29YIW_nmZoCgV3L,Roberto Corwin,https://i.pravatar.cc/150?img=11,,STUDENT,2025-09-23 21:33:30.517,2025-09-23 21:33:30.517,false
cmfx2o1zp001pxzz3dipb2sa6,Ahmad.Brakus@hotmail.com,N7mNV2B8WdVImxK,April Nader III,https://i.pravatar.cc/150?img=21,Cogito calco deprecator sollers confido sursum. Vitiosus cras vilicus allatus.,STUDENT,2025-09-23 21:33:30.517,2025-09-23 21:33:30.517,false
cmfx2o1zp001qxzz3fjua2gzk,Aurelie90@yahoo.com,itBOqrNQ5rh_ykl,Julius Harris,https://i.pravatar.cc/150?img=33,Commodi aestas carpo toties deprimo textor spero vociferor vorago. Deludo aveho verumtamen solum depulso amo quisquam subvenio soluta.,STUDENT,2025-09-23 21:33:30.517,2025-09-23 21:33:30.517,false
cmfx2o1zp001rxzz335canhkv,Grayson_Durgan@gmail.com,TskLgJuu2GuCOdE,Wallace Walsh,https://i.pravatar.cc/150?img=37,Advenio vapulus quibusdam audax. Adimpleo odit taceo sto.,STUDENT,2025-09-23 21:33:30.517,2025-09-23 21:33:30.517,false
cmfx2o1zp001sxzz3da6366vw,Chaya.Marvin83@hotmail.com,Zk1FGA4ON0V5bes,Lynette Cole,https://i.pravatar.cc/150?img=63,Sol curis surculus ter adiuvo suppono aurum tendo cur cogito. Vinco caelum vigilo pel depono absens.,STUDENT,2025-09-23 21:33:30.517,2025-09-23 21:33:30.517,false
cmfx2o1zp001txzz3wgdpl7tn,Hilario_Renner@yahoo.com,14NHIrfLgYfsjZ1,Ted Zieme,https://i.pravatar.cc/150?img=59,Theatrum artificiose accusator coepi triduana. Cura tripudio suppono arbitro.,STUDENT,2025-09-23 21:33:30.517,2025-09-23 21:33:30.517,false
cmfx2o1zp001uxzz3nrmnwu9s,Boris.Bednar@gmail.com,Umc2szQFyIZJDlD,Dr. Pete Wisozk,https://i.pravatar.cc/150?img=14,Laudantium armarium officia. Agnosco astrum confugo quia consequatur.,STUDENT,2025-09-23 21:33:30.517,2025-09-23 21:33:30.517,false
cmfx2o1zp001vxzz3oppv0wc0,Melvin_Beier@yahoo.com,rmjQeeaqy3QwTMu,Edward Bechtelar,https://i.pravatar.cc/150?img=40,Aptus pauper tabesco censura. Audio contabesco capillus inflammatio tantum quisquam vel atrox.,STUDENT,2025-09-23 21:33:30.517,2025-09-23 21:33:30.517,false
cmfx2o1zp001wxzz374dugtfw,Adam.Nolan57@hotmail.com,OySIzPWArDQR_No,Maggie Sauer-Pagac V,https://i.pravatar.cc/150?img=15,Talis aetas tubineus usitas audax truculenter aeger adeo assentator. Cur quam blanditiis custodia conventus cura ocer.,STUDENT,2025-09-23 21:33:30.517,2025-09-23 21:33:30.517,false
cmfx2o2cc001xxzz32rbcomia,Spencer44@yahoo.com,kQWcpzeqeL2BAcA,Courtney Altenwerth,https://i.pravatar.cc/150?img=38,,ADMIN,2025-09-23 21:33:30.971,2025-09-23 21:33:30.971,true
cmfx2o2cc001yxzz3axpc4aed,Harry56@hotmail.com,ggj74DfJPXFPIUg,Geoffrey Legros,https://i.pravatar.cc/150?img=44,,ADMIN,2025-09-23 21:33:30.971,2025-09-23 21:33:30.971,true
cmfx2o2cc001zxzz3261ycrtj,Cindy.Bartell@gmail.com,cpUalN76TywkAw1,Dr. Carmen Ziemann,https://i.pravatar.cc/150?img=36,,ADMIN,2025-09-23 21:33:30.971,2025-09-23 21:33:30.971,true
cmfx2o2cd0020xzz3t8axfdhj,Mateo_Wyman@gmail.com,82bzcmvBoHT_MxD,Santos Spencer I,https://i.pravatar.cc/150?img=16,Quasi cui demonstro sponte allatus. Sortitus aveho argumentum celebrer copia appello velut.,ADMIN,2025-09-23 21:33:30.971,2025-09-23 21:33:30.971,true
cmfx2o2cd0021xzz3jggpq9qn,Lavinia_Kiehn@yahoo.com,YD4DiOj4gpce4Ty,Rosa Schamberger,https://i.pravatar.cc/150?img=43,Error caelum cena. Averto deprecator spargo.,ADMIN,2025-09-23 21:33:30.971,2025-09-23 21:33:30.971,true
cmfx2o2cd0022xzz3ax2iju1x,Corine94@gmail.com,VCFnbX88_140kAp,Anita Langworth,https://i.pravatar.cc/150?img=64,,ADMIN,2025-09-23 21:33:30.971,2025-09-23 21:33:30.971,true
cmfx2o2cd0023xzz3qvgvgd5a,Joan.Kerluke@hotmail.com,sFqngcjsYDFmtxj,Ramona Turner,https://i.pravatar.cc/150?img=68,Vulgo umbra nulla aurum delinquo decet expedita venio somniculosus chirographum. Tenetur corporis adulescens amissio atrox vociferor utroque caelestis causa.,ADMIN,2025-09-23 21:33:30.971,2025-09-23 21:33:30.971,true
cmfx2o2cd0024xzz3enpwtwlz,Kirk.Feest37@yahoo.com,kNmDzueKAS1SN5D,Regina Kling,https://i.pravatar.cc/150?img=64,,ADMIN,2025-09-23 21:33:30.971,2025-09-23 21:33:30.971,true
cmfx2o2cd0025xzz34fb3eq7a,Ezekiel_Kertzmann@hotmail.com,hIGE8MgwPhFduqp,Billie Waelchi,https://i.pravatar.cc/150?img=8,Teneo atrox stabilis uter terra vero sustineo. Ratione aiunt taceo xiphias curvo abutor antiquus.,ADMIN,2025-09-23 21:33:30.971,2025-09-23 21:33:30.971,true
cmfx2o2cd0026xzz33p98cqy5,Kennith_Nolan84@hotmail.com,VjxbXhdFDUtm2vA,Monique Wunsch,https://i.pravatar.cc/150?img=2,,ADMIN,2025-09-23 21:33:30.971,2025-09-23 21:33:30.971,true