id,submissionId,graderId,comments,rubric,scoreDelta,private,createdAt,updatedAt
0063e473-3674-44b1-b348-c0fa5b5b1208,9f262fb5-72cb-463a-acb0-cdfe653c3330,755b72bd-f5ab-4c92-850c-cbed0e7d8e9f,Nice solution! Consider adding input validation for production code.,"{""style"":89,""efficiency"":83,""correctness"":81,""documentation"":94}",-7,false,2025-09-18 17:21:31.537,2025-09-18 17:21:31.537
01693cb4-8b84-4ff2-a170-a197f0a676bd,11cefdf4-981e-4b64-86c5-190cd7bee80f,ee52203d-989f-4f7a-aeb5-a2bef004164c,Nice solution! Consider adding input validation for production code.,"{""style"":83,""efficiency"":96,""correctness"":73,""documentation"":70}",1,false,2025-09-18 17:21:45.113,2025-09-18 17:21:45.113
01a2eeaf-737a-4eb3-9092-af2bb366d518,b566836e-209d-4b0a-bbb1-db03f6998467,d0b0158f-9272-49c5-a1db-17203c7ce2f0,"Good approach, but consider edge cases for better robustness.","{""style"":99,""efficiency"":99,""correctness"":94,""documentation"":59}",-1,false,2025-09-18 17:21:27.49,2025-09-18 17:21:27.49
01dccd50-198b-4402-b0f4-35da7b4c7754,f9839e37-3b52-4b75-bb3e-9977c94257c3,3ddfe0a9-6730-4d5c-b6b9-dafd6c96bc4e,"Good work, but try to optimize the time complexity further.","{""style"":85,""efficiency"":93,""correctness"":79,""documentation"":72}",-3,false,2025-09-18 17:20:57.378,2025-09-18 17:20:57.378
02d18395-6873-4ae6-a3f9-578cd84d3479,2ad35311-8be9-4959-933f-684f9e5582d5,8b1610ae-7c12-4251-b9e5-22e20dc44937,Great work! Your solution is efficient and well-commented.,"{""style"":77,""efficiency"":88,""correctness"":96,""documentation"":64}",-4,false,2025-09-18 17:21:13.816,2025-09-18 17:21:13.816
02d698f0-a5d6-4195-8a9e-feabf84544c1,7e490273-0466-46ff-8658-88bebc96f6c7,83d35cc6-16ba-4eac-a654-4f7368671195,"Good work, but try to optimize the time complexity further.","{""style"":77,""efficiency"":61,""correctness"":96,""documentation"":89}",-10,false,2025-09-18 17:21:14.92,2025-09-18 17:21:14.92
03718132-e1c5-43e6-a2e1-b51924f1a465,5f013f62-1078-4fbf-80b0-1aa956e9a43c,6596c779-02bf-4b85-97d2-04ac04bb648e,Nice solution! Consider adding input validation for production code.,"{""style"":81,""efficiency"":93,""correctness"":95,""documentation"":68}",-2,false,2025-09-18 17:21:49.187,2025-09-18 17:21:49.187
042ad345-76b7-4df7-8485-b6dd8631707a,086e69b9-338c-4230-84a7-00070ebf7434,8b1610ae-7c12-4251-b9e5-22e20dc44937,"Good approach, but consider edge cases for better robustness.","{""style"":95,""efficiency"":76,""correctness"":80,""documentation"":86}",0,false,2025-09-18 17:22:06.686,2025-09-18 17:22:06.686
07bf2d46-26b2-492b-812d-b58fa5b890db,fe7e2281-dd7f-487f-892b-9e20fbb59521,64a7c78b-b2e8-402d-8c6e-490277b66d7e,"The logic is correct, but the code could be more readable.","{""style"":99,""efficiency"":87,""correctness"":74,""documentation"":94}",-8,true,2025-09-18 17:21:21.673,2025-09-18 17:21:21.673
0a1e3243-be65-4649-a5fe-15a0558c8477,22499525-c408-45f2-9eaf-3d49597a2be5,3ddfe0a9-6730-4d5c-b6b9-dafd6c96bc4e,Great work! Your solution is efficient and well-commented.,"{""style"":80,""efficiency"":65,""correctness"":100,""documentation"":72}",-7,false,2025-09-18 17:20:56.551,2025-09-18 17:20:56.551
0a6035f9-6c5e-4563-ada6-121fb52cdb01,571026fb-d7b0-464a-9e6b-80117775e823,6596c779-02bf-4b85-97d2-04ac04bb648e,"Good work, but try to optimize the time complexity further.","{""style"":74,""efficiency"":81,""correctness"":75,""documentation"":80}",-7,true,2025-09-18 17:21:46.665,2025-09-18 17:21:46.665
0bb9bcdd-5f13-4ad4-90c9-40fdab5719df,92585679-fe80-4b54-a2cc-56a973aa099d,40e87907-ffa5-48ea-967f-ec8f169694f7,"Good work, but try to optimize the time complexity further.","{""style"":100,""efficiency"":62,""correctness"":70,""documentation"":100}",1,false,2025-09-18 17:21:32.405,2025-09-18 17:21:32.405
0bd98331-5cd3-4e89-9220-6a060238c2e9,8956812a-58ac-41bf-a5f9-c20c09d9d8f4,53c2cad2-f417-4e15-85d5-ec013e45a614,"Good work, but try to optimize the time complexity further.","{""style"":76,""efficiency"":62,""correctness"":90,""documentation"":95}",-6,false,2025-09-18 17:22:08.656,2025-09-18 17:22:08.656
0c4c4737-c235-48ce-b749-47aa1e71e7b7,36c336a8-8219-4d75-97db-4d7b3b706a6f,ee52203d-989f-4f7a-aeb5-a2bef004164c,Excellent implementation! You've handled all test cases perfectly.,"{""style"":98,""efficiency"":63,""correctness"":73,""documentation"":81}",-1,false,2025-09-18 17:21:40.273,2025-09-18 17:21:40.273
0e0d29ba-940e-4cc0-b927-27e3713840e6,02568e3e-e42f-447e-974d-423b2f69da94,6d65d253-008a-477b-8364-d37e9ba1739e,"Good work, but try to optimize the time complexity further.","{""style"":100,""efficiency"":98,""correctness"":70,""documentation"":57}",-8,false,2025-09-18 17:21:27.212,2025-09-18 17:21:27.212
0e718e38-80ef-4f36-bb68-c1f19d85cbfd,b1139637-2a86-47b9-bf7a-afa4749e64a4,6d65d253-008a-477b-8364-d37e9ba1739e,"Good work, but try to optimize the time complexity further.","{""style"":92,""efficiency"":63,""correctness"":88,""documentation"":53}",-1,false,2025-09-18 17:21:32.075,2025-09-18 17:21:32.075
0f27cdac-2da2-4f32-be18-f8039924020a,88226087-4b4b-471e-a95f-f145f54f5114,d0b0158f-9272-49c5-a1db-17203c7ce2f0,"The logic is correct, but the code could be more readable.","{""style"":99,""efficiency"":69,""correctness"":98,""documentation"":52}",-7,false,2025-09-18 17:21:31.813,2025-09-18 17:21:31.813
0f5ac0ab-b2fe-4fb2-ad87-47d9f894c94e,f53f2b75-0feb-4fad-80bc-f84ad22c6c94,9bffaee6-755c-4b58-913e-3ccb77ecfa85,"Good approach, but consider edge cases for better robustness.","{""style"":81,""efficiency"":65,""correctness"":86,""documentation"":73}",1,false,2025-09-18 17:21:07.582,2025-09-18 17:21:07.582
0f828f8b-b727-490e-8c06-9874c8d14c39,c0debb8c-95b5-458c-8b46-6fa8b3f7e10a,6d65d253-008a-477b-8364-d37e9ba1739e,Well done! The code is clean and follows best practices.,"{""style"":80,""efficiency"":69,""correctness"":84,""documentation"":78}",-8,false,2025-09-18 17:21:18.656,2025-09-18 17:21:18.656
1068da2d-7bb2-4ebc-a5ca-92473bf89bf8,b488911e-538f-4b4f-b699-7005b88f0433,6d65d253-008a-477b-8364-d37e9ba1739e,Excellent implementation! You've handled all test cases perfectly.,"{""style"":87,""efficiency"":65,""correctness"":87,""documentation"":55}",-2,false,2025-09-18 17:21:30.743,2025-09-18 17:21:30.743
1085ccde-9f65-4cf1-a34e-08471fbb70e6,662a5fa3-3a5d-465f-84a9-37f299152d39,ee52203d-989f-4f7a-aeb5-a2bef004164c,"The logic is correct, but the code could be more readable.","{""style"":93,""efficiency"":70,""correctness"":83,""documentation"":94}",-1,true,2025-09-18 17:21:23.389,2025-09-18 17:21:23.389
1099e1d4-5afb-4976-b54c-92b84a6aa7e1,a3c1e683-dda1-4d43-9945-8bf5e5e5b661,40e87907-ffa5-48ea-967f-ec8f169694f7,"The logic is correct, but the code could be more readable.","{""style"":92,""efficiency"":65,""correctness"":83,""documentation"":57}",-5,false,2025-09-18 17:22:05.845,2025-09-18 17:22:05.845
1101d320-a9e2-45ff-8a7a-21c8d8579bdb,2226c175-c7aa-4713-8a9a-88fddeb01407,53c2cad2-f417-4e15-85d5-ec013e45a614,Nice solution! Consider adding input validation for production code.,"{""style"":88,""efficiency"":87,""correctness"":87,""documentation"":54}",5,false,2025-09-18 17:21:51.918,2025-09-18 17:21:51.918
1115a571-1735-4e35-bd72-b94c60b78c62,45f79fc2-40e9-4eaf-a852-fdb1aa4e0e36,53c2cad2-f417-4e15-85d5-ec013e45a614,Well done! The code is clean and follows best practices.,"{""style"":78,""efficiency"":94,""correctness"":84,""documentation"":61}",-6,false,2025-09-18 17:21:33.762,2025-09-18 17:21:33.762
1211b7aa-ff7a-4c2c-b4ec-875bfe9691ba,b365a7f3-d1ad-4868-a7b8-fc974108e03a,6d65d253-008a-477b-8364-d37e9ba1739e,"Good work, but try to optimize the time complexity further.","{""style"":90,""efficiency"":66,""correctness"":85,""documentation"":77}",-3,false,2025-09-18 17:20:58.223,2025-09-18 17:20:58.223
13224de9-b9f0-4640-a06a-92a0545b1e01,d2d597be-a2f4-4972-9a7f-12edf355a465,40e87907-ffa5-48ea-967f-ec8f169694f7,"Good start, but there are some issues with the algorithm complexity.","{""style"":98,""efficiency"":90,""correctness"":93,""documentation"":74}",4,false,2025-09-18 17:21:01.274,2025-09-18 17:21:01.274
13d47bef-0983-41eb-b598-b5e5c001e48b,409fcd0f-26ad-4bd8-ba0a-10ef26debac5,3ddfe0a9-6730-4d5c-b6b9-dafd6c96bc4e,"Good start, but there are some issues with the algorithm complexity.","{""style"":91,""efficiency"":100,""correctness"":84,""documentation"":95}",-10,true,2025-09-18 17:21:39.474,2025-09-18 17:21:39.474
1550b1e7-3bde-41ff-bd9a-7b02d1539426,0552f2ce-3274-4fa6-91ad-60b0923e9a6c,40e87907-ffa5-48ea-967f-ec8f169694f7,"Good start, but there are some issues with the algorithm complexity.","{""style"":89,""efficiency"":75,""correctness"":85,""documentation"":99}",-8,true,2025-09-18 17:21:36.238,2025-09-18 17:21:36.238
15ca36ca-fdbb-4725-a43a-d5cef686a0c0,6e3d721a-ea29-4456-bf1f-f53a94114b30,ee52203d-989f-4f7a-aeb5-a2bef004164c,Well done! The code is clean and follows best practices.,"{""style"":73,""efficiency"":84,""correctness"":87,""documentation"":70}",-6,false,2025-09-18 17:21:42.445,2025-09-18 17:21:42.445
16a51b82-b405-451a-b334-9e58434f90f3,fe2b9b58-d8b4-4b50-8829-26a12acf2192,ee52203d-989f-4f7a-aeb5-a2bef004164c,Great work! Your solution is efficient and well-commented.,"{""style"":87,""efficiency"":77,""correctness"":84,""documentation"":98}",1,false,2025-09-18 17:21:58.578,2025-09-18 17:21:58.578
184212f6-476f-4885-8d83-0d2c6447a66c,cd294403-0948-4722-bc33-b45f649af26a,6596c779-02bf-4b85-97d2-04ac04bb648e,"Good work, but try to optimize the time complexity further.","{""style"":70,""efficiency"":81,""correctness"":95,""documentation"":56}",0,false,2025-09-18 17:21:52.187,2025-09-18 17:21:52.187
198d321d-fcf3-4e84-a4bb-34ff717eb9b8,42d558c4-05da-4b8d-88c9-151b9251dbe1,21068fc0-92f9-431c-b569-b34b834a37e4,Well done! The code is clean and follows best practices.,"{""style"":91,""efficiency"":70,""correctness"":85,""documentation"":94}",-2,false,2025-09-18 17:21:25.57,2025-09-18 17:21:25.57
1ae10438-3871-4d24-a07e-6b57bbab82d5,bd22ec10-8111-4ae4-a57d-0d4c0efe713a,6d65d253-008a-477b-8364-d37e9ba1739e,Nice solution! Consider adding input validation for production code.,"{""style"":95,""efficiency"":63,""correctness"":74,""documentation"":75}",-4,false,2025-09-18 17:21:07.311,2025-09-18 17:21:07.311
1b4c3f48-32c5-4c6c-aa57-bf22271ed03d,f9297d47-6062-4d24-858a-1b7200d037e5,40e87907-ffa5-48ea-967f-ec8f169694f7,"Good start, but there are some issues with the algorithm complexity.","{""style"":75,""efficiency"":89,""correctness"":79,""documentation"":82}",-8,false,2025-09-18 17:22:02.487,2025-09-18 17:22:02.487
1bf3af2e-f6a9-410b-8e16-e3105e9ad8ea,7073fab5-4b38-4c5e-8d38-5959e0b3a146,755b72bd-f5ab-4c92-850c-cbed0e7d8e9f,"Good approach, but consider edge cases for better robustness.","{""style"":100,""efficiency"":74,""correctness"":98,""documentation"":93}",-6,false,2025-09-18 17:21:20.297,2025-09-18 17:21:20.297
1c9e699d-28bc-47f9-8284-2ea19776e684,39ec465d-36e8-43ec-8a02-be8c6622987c,83d35cc6-16ba-4eac-a654-4f7368671195,"The logic is correct, but the code could be more readable.","{""style"":79,""efficiency"":63,""correctness"":84,""documentation"":63}",-9,false,2025-09-18 17:21:55.274,2025-09-18 17:21:55.274
1d687d2e-8480-4ffa-8428-5a587da20cbc,18e25a49-6a71-4c6f-9d21-cc06084cdf26,ee52203d-989f-4f7a-aeb5-a2bef004164c,Great work! Your solution is efficient and well-commented.,"{""style"":87,""efficiency"":88,""correctness"":77,""documentation"":53}",0,false,2025-09-18 17:21:37.815,2025-09-18 17:21:37.815
1dc35e39-1a59-4d83-b12c-925b2e11235a,e9fafc64-9887-4a87-b8f8-4cd380db81a5,21068fc0-92f9-431c-b569-b34b834a37e4,Great work! Your solution is efficient and well-commented.,"{""style"":91,""efficiency"":95,""correctness"":77,""documentation"":77}",-7,false,2025-09-18 17:20:56.286,2025-09-18 17:20:56.286
201e6b22-7cd8-4e3f-8e55-8b08041ec691,cf7a71f0-f15c-464b-b8e3-7ee335b1b2b9,3ddfe0a9-6730-4d5c-b6b9-dafd6c96bc4e,"Good work, but try to optimize the time complexity further.","{""style"":81,""efficiency"":89,""correctness"":90,""documentation"":59}",-5,false,2025-09-18 17:21:55.009,2025-09-18 17:21:55.009
20bd5174-0825-4161-ad43-36f9921d205e,1d27323e-b69e-4f51-bd28-b5494ebeaa29,8b1610ae-7c12-4251-b9e5-22e20dc44937,"The logic is correct, but the code could be more readable.","{""style"":90,""efficiency"":73,""correctness"":76,""documentation"":53}",-4,false,2025-09-18 17:21:09.494,2025-09-18 17:21:09.494
223d4080-665c-4465-9394-14e6096849dd,3896b1c9-296e-429a-b892-d850929c186f,d0b0158f-9272-49c5-a1db-17203c7ce2f0,Nice solution! Consider adding input validation for production code.,"{""style"":70,""efficiency"":84,""correctness"":93,""documentation"":65}",-6,true,2025-09-18 17:21:43.84,2025-09-18 17:21:43.84
2251bdc9-8e38-4e78-b776-ad975074c6b7,f1077845-7544-4f56-adf1-fa477fa07c42,9bffaee6-755c-4b58-913e-3ccb77ecfa85,Excellent implementation! You've handled all test cases perfectly.,"{""style"":73,""efficiency"":82,""correctness"":71,""documentation"":76}",2,false,2025-09-18 17:21:24.478,2025-09-18 17:21:24.478
238a3e02-bde6-43ae-8c2e-ee79cb0ba20a,7279e44e-f0ab-46b5-a9c0-c2f1c63db114,83d35cc6-16ba-4eac-a654-4f7368671195,"Good work, but try to optimize the time complexity further.","{""style"":86,""efficiency"":69,""correctness"":95,""documentation"":93}",-4,true,2025-09-18 17:21:03.629,2025-09-18 17:21:03.629
2415a3cc-a577-4ba6-b037-24d5433fdb9c,2b9cbdbf-d7ec-464c-9b6f-1f061afadee2,6596c779-02bf-4b85-97d2-04ac04bb648e,"Good approach, but consider edge cases for better robustness.","{""style"":91,""efficiency"":77,""correctness"":85,""documentation"":94}",-4,false,2025-09-18 17:21:48.051,2025-09-18 17:21:48.051
24a7395a-0b2a-4d48-9f18-36acea812a1c,972522c2-0e31-40d8-ab8d-9b2f39476419,3ddfe0a9-6730-4d5c-b6b9-dafd6c96bc4e,"Good work, but try to optimize the time complexity further.","{""style"":77,""efficiency"":77,""correctness"":86,""documentation"":60}",2,false,2025-09-18 17:22:08.384,2025-09-18 17:22:08.384
24bbdbb6-8375-43c4-a9b0-2bd52f7f727b,4dac3c16-1044-4af1-824f-600f05aa6f6e,ee52203d-989f-4f7a-aeb5-a2bef004164c,"Good work, but try to optimize the time complexity further.","{""style"":78,""efficiency"":72,""correctness"":72,""documentation"":73}",1,false,2025-09-18 17:20:57.105,2025-09-18 17:20:57.105
255372ff-bc4c-4c33-af6b-80d300f74591,c36e6575-e8cc-4e44-8d46-4b46136427c4,53c2cad2-f417-4e15-85d5-ec013e45a614,Nice solution! Consider adding input validation for production code.,"{""style"":85,""efficiency"":100,""correctness"":71,""documentation"":97}",3,false,2025-09-18 17:21:40.546,2025-09-18 17:21:40.546
27c4ea3c-938b-4e78-bdbe-9e99eb3aba9c,4a4350f8-46e2-4ab7-826f-2906d26394a0,8b1610ae-7c12-4251-b9e5-22e20dc44937,Well done! The code is clean and follows best practices.,"{""style"":77,""efficiency"":64,""correctness"":77,""documentation"":83}",-10,false,2025-09-18 17:21:58.319,2025-09-18 17:21:58.319
27e3a715-a2fb-4a11-a4b4-8362d2654627,41379e65-0f8f-4c23-b408-af16a522aabf,6596c779-02bf-4b85-97d2-04ac04bb648e,Well done! The code is clean and follows best practices.,"{""style"":97,""efficiency"":99,""correctness"":91,""documentation"":97}",1,true,2025-09-18 17:21:58.866,2025-09-18 17:21:58.866
295a43e6-0663-4479-abdf-ddd4b580c0a6,3dd1a630-6b3c-463b-81a8-62715377646e,3ddfe0a9-6730-4d5c-b6b9-dafd6c96bc4e,Excellent implementation! You've handled all test cases perfectly.,"{""style"":82,""efficiency"":99,""correctness"":99,""documentation"":93}",1,true,2025-09-18 17:21:07.837,2025-09-18 17:21:07.837
2b5e231e-620e-4e02-9651-5886cebe8622,a8cc58f1-d7a6-40c7-886d-9cf6dd261108,04620a06-5a7a-4244-b373-71b0b093f3a9,"Good work, but try to optimize the time complexity further.","{""style"":79,""efficiency"":94,""correctness"":85,""documentation"":95}",-4,false,2025-09-18 17:21:00.195,2025-09-18 17:21:00.195
2eabeff8-168e-4a76-a2ae-f850071d09bd,b283eff0-21da-44de-ab3a-bad8b760d4b6,83d35cc6-16ba-4eac-a654-4f7368671195,Well done! The code is clean and follows best practices.,"{""style"":88,""efficiency"":84,""correctness"":85,""documentation"":63}",-5,false,2025-09-18 17:22:01.955,2025-09-18 17:22:01.955
2f12f01e-5c71-44db-8c97-04d5f70c8882,ebcc1984-25d2-489a-b2bc-605fd6e2d9f2,40e87907-ffa5-48ea-967f-ec8f169694f7,"Good work, but try to optimize the time complexity further.","{""style"":82,""efficiency"":60,""correctness"":71,""documentation"":56}",-2,false,2025-09-18 17:20:59.911,2025-09-18 17:20:59.911
2f373c10-daf1-4251-8319-01adc0ca032d,a6f7501a-1a12-47bf-92f7-b0fc961815fc,53c2cad2-f417-4e15-85d5-ec013e45a614,Well done! The code is clean and follows best practices.,"{""style"":90,""efficiency"":60,""correctness"":91,""documentation"":65}",-2,false,2025-09-18 17:21:50.838,2025-09-18 17:21:50.838
3022d803-954f-44dc-8d75-91481f4c6e29,596b8663-51fc-4b2e-be21-d4bf85c23fcb,3ddfe0a9-6730-4d5c-b6b9-dafd6c96bc4e,Nice solution! Consider adding input validation for production code.,"{""style"":71,""efficiency"":71,""correctness"":87,""documentation"":62}",-1,false,2025-09-18 17:21:58.05,2025-09-18 17:21:58.05
318a08ec-a65d-4b96-b048-eb088fbfb2d8,b1364195-f80d-4ca5-beeb-ac2bef9b7355,bdadd3c0-9b85-4661-9c7f-6e927c3aa83d,"The logic is correct, but the code could be more readable.","{""style"":95,""efficiency"":62,""correctness"":99,""documentation"":81}",-3,false,2025-09-18 17:21:53.675,2025-09-18 17:21:53.675
31b0b113-54ee-4f83-a9d2-35b3458efc81,63c94558-a8a5-4521-b063-54bcd29448ef,ee52203d-989f-4f7a-aeb5-a2bef004164c,Well done! The code is clean and follows best practices.,"{""style"":74,""efficiency"":69,""correctness"":82,""documentation"":87}",-9,false,2025-09-18 17:22:10.578,2025-09-18 17:22:10.578
321991b6-448e-4686-8d2c-b8548a4e0b9d,e04351db-2a77-4719-834a-09c104727c8c,21068fc0-92f9-431c-b569-b34b834a37e4,"Good work, but try to optimize the time complexity further.","{""style"":73,""efficiency"":96,""correctness"":71,""documentation"":95}",-6,false,2025-09-18 17:21:46.331,2025-09-18 17:21:46.331
32740809-3b31-4817-94cb-7e2db35d3e20,29a9c50e-f2f7-4e6c-8163-be2aea79d877,6596c779-02bf-4b85-97d2-04ac04bb648e,Excellent implementation! You've handled all test cases perfectly.,"{""style"":100,""efficiency"":65,""correctness"":94,""documentation"":60}",5,false,2025-09-18 17:22:04.215,2025-09-18 17:22:04.215
32c61b1e-34f2-4c82-a977-981fb003ff94,211fde51-998e-46a9-bd3a-4fbc428fe5c7,ee52203d-989f-4f7a-aeb5-a2bef004164c,Great work! Your solution is efficient and well-commented.,"{""style"":83,""efficiency"":90,""correctness"":75,""documentation"":65}",1,false,2025-09-18 17:21:26.671,2025-09-18 17:21:26.671
339e31e0-683c-48b1-ba3a-988f17f542ef,858cff08-70d7-425d-947b-0c123ccbee51,d0b0158f-9272-49c5-a1db-17203c7ce2f0,Well done! The code is clean and follows best practices.,"{""style"":89,""efficiency"":96,""correctness"":94,""documentation"":98}",-6,true,2025-09-18 17:21:50,2025-09-18 17:21:50
33adf739-1d8c-4d34-af0a-eec07624890e,cf980738-09c6-4cc5-a072-039d583c86bf,ee52203d-989f-4f7a-aeb5-a2bef004164c,"Good start, but there are some issues with the algorithm complexity.","{""style"":90,""efficiency"":66,""correctness"":72,""documentation"":55}",-2,false,2025-09-18 17:21:23.924,2025-09-18 17:21:23.924
34121ea6-3c8b-4a60-9478-3062be27aef6,b67e5884-6873-4501-96ab-9affa9f2a6bc,8b1610ae-7c12-4251-b9e5-22e20dc44937,"Good approach, but consider edge cases for better robustness.","{""style"":92,""efficiency"":85,""correctness"":87,""documentation"":61}",5,true,2025-09-18 17:20:54.913,2025-09-18 17:20:54.913
34543f05-c45f-4531-a0fc-cfb5199d5247,84917f40-1a1b-4b23-85ca-17546cd76f48,04620a06-5a7a-4244-b373-71b0b093f3a9,Excellent implementation! You've handled all test cases perfectly.,"{""style"":81,""efficiency"":62,""correctness"":75,""documentation"":90}",-6,false,2025-09-18 17:21:15.534,2025-09-18 17:21:15.534
34f29ac4-115e-4131-b199-199a42fede75,8e359833-d98a-4ee9-9e1b-8208598b6210,9bffaee6-755c-4b58-913e-3ccb77ecfa85,"Good start, but there are some issues with the algorithm complexity.","{""style"":88,""efficiency"":91,""correctness"":95,""documentation"":98}",-9,false,2025-09-18 17:21:49.727,2025-09-18 17:21:49.727
34f77bdb-2f95-4ffd-bf30-2d1675543cd3,d29f0b46-4ba0-470c-a851-fe569a069e08,53c2cad2-f417-4e15-85d5-ec013e45a614,"Good work, but try to optimize the time complexity further.","{""style"":83,""efficiency"":76,""correctness"":75,""documentation"":97}",-7,false,2025-09-18 17:21:28.579,2025-09-18 17:21:28.579
352dcb01-d5e3-4a9f-b94a-ceeee6f32eea,5a124885-5995-41da-b508-eb20473cc179,53c2cad2-f417-4e15-85d5-ec013e45a614,"Good work, but try to optimize the time complexity further.","{""style"":78,""efficiency"":85,""correctness"":76,""documentation"":61}",0,false,2025-09-18 17:20:57.654,2025-09-18 17:20:57.654
36f10c45-369e-4a10-891d-65044d18ed87,dce9049a-e4ac-4653-b757-6488f406e0e7,bdadd3c0-9b85-4661-9c7f-6e927c3aa83d,Excellent implementation! You've handled all test cases perfectly.,"{""style"":83,""efficiency"":86,""correctness"":76,""documentation"":87}",2,false,2025-09-18 17:21:16.946,2025-09-18 17:21:16.946
37f9cf41-d45b-4fc9-b9af-92f174dfbb86,55846410-9837-46ab-806e-22aa38961ed8,40e87907-ffa5-48ea-967f-ec8f169694f7,"Good start, but there are some issues with the algorithm complexity.","{""style"":90,""efficiency"":68,""correctness"":95,""documentation"":76}",3,false,2025-09-18 17:21:12.986,2025-09-18 17:21:12.986
38b58e55-fdec-4276-ba80-3e57e4a6fbf7,36847e80-16a5-487f-838f-b5c9565ecf5b,bdadd3c0-9b85-4661-9c7f-6e927c3aa83d,"Good start, but there are some issues with the algorithm complexity.","{""style"":84,""efficiency"":93,""correctness"":70,""documentation"":83}",-1,false,2025-09-18 17:22:00.03,2025-09-18 17:22:00.03
39c967dd-42a6-4f50-90b8-990c409ca56f,9446ab47-2b39-49c6-ba4f-4c26a6bc4180,40e87907-ffa5-48ea-967f-ec8f169694f7,"Good approach, but consider edge cases for better robustness.","{""style"":97,""efficiency"":63,""correctness"":83,""documentation"":68}",-4,false,2025-09-18 17:21:42.156,2025-09-18 17:21:42.156
3ba5a764-d6fa-419c-bd64-9a4dc2f1fe8b,603aa282-4472-488e-a323-c94cc71e46ab,8b1610ae-7c12-4251-b9e5-22e20dc44937,Well done! The code is clean and follows best practices.,"{""style"":95,""efficiency"":65,""correctness"":87,""documentation"":87}",4,false,2025-09-18 17:21:19.204,2025-09-18 17:21:19.204
3bdc3a0b-465a-4ced-a9f9-5a0673df6f0c,6dc39c49-a33f-4fce-a492-5276f89e5594,3ddfe0a9-6730-4d5c-b6b9-dafd6c96bc4e,"The logic is correct, but the code could be more readable.","{""style"":91,""efficiency"":75,""correctness"":70,""documentation"":85}",4,true,2025-09-18 17:21:48.906,2025-09-18 17:21:48.906
3c364ebc-f28c-4c89-8a55-83f6569adbcd,a2f91afa-4839-4318-bf77-8a2a05f172d6,ee52203d-989f-4f7a-aeb5-a2bef004164c,"Good work, but try to optimize the time complexity further.","{""style"":88,""efficiency"":90,""correctness"":90,""documentation"":64}",-9,false,2025-09-18 17:21:06.764,2025-09-18 17:21:06.764
3c5ecbfc-aab3-4837-a37e-087cb5c1d1e3,dc1f0f1c-5b09-4839-bd0e-7df924cc5683,bdadd3c0-9b85-4661-9c7f-6e927c3aa83d,Great work! Your solution is efficient and well-commented.,"{""style"":94,""efficiency"":62,""correctness"":75,""documentation"":69}",4,true,2025-09-18 17:21:02.736,2025-09-18 17:21:02.736
3ca38d31-8a5a-4578-aa11-682698c422be,a4da3346-b595-438b-86d1-9cc4d89d841a,53c2cad2-f417-4e15-85d5-ec013e45a614,Excellent implementation! You've handled all test cases perfectly.,"{""style"":76,""efficiency"":90,""correctness"":78,""documentation"":67}",-2,false,2025-09-18 17:21:37.272,2025-09-18 17:21:37.272
40262962-23e8-4be0-b1cf-23d589c4ec74,1697f320-d26d-4024-8b28-19fda0e8bbdd,8b1610ae-7c12-4251-b9e5-22e20dc44937,Nice solution! Consider adding input validation for production code.,"{""style"":95,""efficiency"":74,""correctness"":95,""documentation"":72}",-1,false,2025-09-18 17:21:11.002,2025-09-18 17:21:11.002
41fd4882-f91c-4661-aaba-10ca215e66c7,cd4a4cc2-ec73-423b-9091-6fb8d3470e81,53c2cad2-f417-4e15-85d5-ec013e45a614,Nice solution! Consider adding input validation for production code.,"{""style"":85,""efficiency"":99,""correctness"":86,""documentation"":81}",-8,true,2025-09-18 17:22:11.938,2025-09-18 17:22:11.938
4306f397-80b7-4906-88dd-3b2be2c390b1,250f0c47-07aa-43c0-9238-cbd856729b89,d0b0158f-9272-49c5-a1db-17203c7ce2f0,"The logic is correct, but the code could be more readable.","{""style"":91,""efficiency"":94,""correctness"":80,""documentation"":74}",-2,false,2025-09-18 17:21:15.82,2025-09-18 17:21:15.82
431eac2d-3d7f-4c2e-94b9-33d997939e83,52b26fef-01b4-40e2-bbdb-9a4c6cc0a359,755b72bd-f5ab-4c92-850c-cbed0e7d8e9f,"Good work, but try to optimize the time complexity further.","{""style"":71,""efficiency"":89,""correctness"":95,""documentation"":98}",2,false,2025-09-18 17:21:01.556,2025-09-18 17:21:01.556
433716f0-afc4-499d-8d58-72445bb73d1e,a1db7841-32fb-4dff-aee7-35df28a5616b,ee52203d-989f-4f7a-aeb5-a2bef004164c,"Good start, but there are some issues with the algorithm complexity.","{""style"":82,""efficiency"":80,""correctness"":92,""documentation"":78}",-4,false,2025-09-18 17:21:28.024,2025-09-18 17:21:28.024
43c40fe9-aeab-439d-892c-1e003a0f2430,927175a9-3944-4cf2-b6ae-4d3cb6d696cf,40e87907-ffa5-48ea-967f-ec8f169694f7,Nice solution! Consider adding input validation for production code.,"{""style"":99,""efficiency"":69,""correctness"":71,""documentation"":96}",-2,false,2025-09-18 17:21:00.751,2025-09-18 17:21:00.751
440ced6e-e682-4158-be61-77d5d09c2760,12e63c7a-d577-4652-8bd7-5bd1b7e73200,40e87907-ffa5-48ea-967f-ec8f169694f7,Excellent implementation! You've handled all test cases perfectly.,"{""style"":93,""efficiency"":79,""correctness"":84,""documentation"":98}",-5,true,2025-09-18 17:21:20.847,2025-09-18 17:21:20.847
4511de2c-b862-42be-8a0b-7eb11354d02f,24a8fb85-b852-4833-958b-a126db1920af,64a7c78b-b2e8-402d-8c6e-490277b66d7e,"Good work, but try to optimize the time complexity further.","{""style"":97,""efficiency"":60,""correctness"":91,""documentation"":100}",3,true,2025-09-18 17:21:14.364,2025-09-18 17:21:14.364
473a4b1c-270f-4dbf-9f57-5d8de98cd69f,688339a4-533c-4e6b-9c47-427f42e6ecbe,04620a06-5a7a-4244-b373-71b0b093f3a9,"Good approach, but consider edge cases for better robustness.","{""style"":79,""efficiency"":72,""correctness"":82,""documentation"":58}",-4,false,2025-09-18 17:22:06.972,2025-09-18 17:22:06.972
47fa1ac4-fff2-43ac-96c8-dec35b4e2b18,12f56ad0-b273-43e0-8f20-5eb0a3f83b53,d0b0158f-9272-49c5-a1db-17203c7ce2f0,Great work! Your solution is efficient and well-commented.,"{""style"":91,""efficiency"":91,""correctness"":98,""documentation"":89}",3,false,2025-09-18 17:21:48.327,2025-09-18 17:21:48.327
49796cba-1f4d-4f30-8021-e22041a1cceb,ac1a0a4a-bccf-4abb-af7e-a8b6723891f7,21068fc0-92f9-431c-b569-b34b834a37e4,"The logic is correct, but the code could be more readable.","{""style"":80,""efficiency"":66,""correctness"":71,""documentation"":89}",0,false,2025-09-18 17:21:22.747,2025-09-18 17:21:22.747
49a5cb58-76e1-4e2e-a603-8debc7eb95b7,c1a13ce7-a574-4875-be47-94b4aa0deb87,04620a06-5a7a-4244-b373-71b0b093f3a9,"Good work, but try to optimize the time complexity further.","{""style"":93,""efficiency"":65,""correctness"":94,""documentation"":90}",-6,false,2025-09-18 17:21:16.101,2025-09-18 17:21:16.101
4bcdafda-46aa-4fc3-af40-ef2f0bc90e58,d202048f-fe2d-4c74-836f-d38872b95165,53c2cad2-f417-4e15-85d5-ec013e45a614,"Good work, but try to optimize the time complexity further.","{""style"":82,""efficiency"":95,""correctness"":89,""documentation"":51}",-6,false,2025-09-18 17:22:05.03,2025-09-18 17:22:05.03
4cb53ae4-f8aa-4780-8819-cfcf0ae2082a,00cc8edb-18bf-4a6a-aeec-e03334d2642c,04620a06-5a7a-4244-b373-71b0b093f3a9,Excellent implementation! You've handled all test cases perfectly.,"{""style"":80,""efficiency"":99,""correctness"":84,""documentation"":69}",5,false,2025-09-18 17:21:27.752,2025-09-18 17:21:27.752
4cf2f863-e9a6-42b9-9230-d76116653de6,50dee41e-bcac-449f-b986-b8b7993e0736,6d65d253-008a-477b-8364-d37e9ba1739e,Great work! Your solution is efficient and well-commented.,"{""style"":100,""efficiency"":66,""correctness"":88,""documentation"":63}",-9,true,2025-09-18 17:22:06.39,2025-09-18 17:22:06.39
4d252ea9-43e8-41ad-8d45-ea1fc27309c0,ca1d8bcf-5f28-436a-832c-fcf5ed41edca,9bffaee6-755c-4b58-913e-3ccb77ecfa85,Great work! Your solution is efficient and well-commented.,"{""style"":81,""efficiency"":61,""correctness"":95,""documentation"":85}",-2,false,2025-09-18 17:21:17.258,2025-09-18 17:21:17.258
4de96a14-1010-4094-b2f2-e13c46ffbbf4,31c05be2-7198-4cf4-8ad9-9c224bd88ec3,83d35cc6-16ba-4eac-a654-4f7368671195,Well done! The code is clean and follows best practices.,"{""style"":74,""efficiency"":79,""correctness"":87,""documentation"":79}",-7,false,2025-09-18 17:21:47.785,2025-09-18 17:21:47.785
5215a97d-d597-468a-8300-5c604df85733,e5f9cf41-e3bd-4a96-bc59-24511776b0b4,755b72bd-f5ab-4c92-850c-cbed0e7d8e9f,"The logic is correct, but the code could be more readable.","{""style"":92,""efficiency"":60,""correctness"":71,""documentation"":54}",-3,false,2025-09-18 17:21:56.897,2025-09-18 17:21:56.897
52824728-6b2a-4fb5-8285-e9099537bdc2,e08585f6-7606-4486-9089-d6c6b2b806f0,9bffaee6-755c-4b58-913e-3ccb77ecfa85,Well done! The code is clean and follows best practices.,"{""style"":79,""efficiency"":75,""correctness"":100,""documentation"":81}",3,true,2025-09-18 17:21:32.93,2025-09-18 17:21:32.93
52dc560d-35bc-4fd6-9be9-2740e9bbe626,66f5b4f2-50c1-4d03-9f20-3c01d36a1a88,6d65d253-008a-477b-8364-d37e9ba1739e,Excellent implementation! You've handled all test cases perfectly.,"{""style"":79,""efficiency"":72,""correctness"":94,""documentation"":73}",-4,false,2025-09-18 17:21:55.819,2025-09-18 17:21:55.819
533553a1-ba0c-45ab-acc8-a80a79f7d768,77a986dd-a897-452e-a8e5-35d334742805,21068fc0-92f9-431c-b569-b34b834a37e4,Excellent implementation! You've handled all test cases perfectly.,"{""style"":71,""efficiency"":72,""correctness"":92,""documentation"":98}",-8,false,2025-09-18 17:21:51.103,2025-09-18 17:21:51.103
54de6ed0-9087-443d-9d7d-4ffaabba6d66,2fdf61b4-3c49-456b-9abc-b77de246daa6,21068fc0-92f9-431c-b569-b34b834a37e4,"Good work, but try to optimize the time complexity further.","{""style"":98,""efficiency"":83,""correctness"":89,""documentation"":99}",1,false,2025-09-18 17:21:05.941,2025-09-18 17:21:05.941
5557346e-2009-4743-b46d-7a9992a7418b,36c08222-79b3-4aa6-ad49-e77219f5c630,64a7c78b-b2e8-402d-8c6e-490277b66d7e,Excellent implementation! You've handled all test cases perfectly.,"{""style"":97,""efficiency"":82,""correctness"":98,""documentation"":54}",-6,false,2025-09-18 17:21:56.621,2025-09-18 17:21:56.621
55802cc9-97c7-4bde-b23e-09fecd69fa5d,50c49119-c06c-48bc-86ff-9e90d94c0d1d,9bffaee6-755c-4b58-913e-3ccb77ecfa85,Excellent implementation! You've handled all test cases perfectly.,"{""style"":72,""efficiency"":64,""correctness"":86,""documentation"":59}",1,false,2025-09-18 17:21:51.663,2025-09-18 17:21:51.663
5598bc2d-3a44-4f51-95de-b7c9972034c9,eb07b965-d236-413e-9b79-75ca11084107,64a7c78b-b2e8-402d-8c6e-490277b66d7e,"Good work, but try to optimize the time complexity further.","{""style"":73,""efficiency"":92,""correctness"":71,""documentation"":72}",5,false,2025-09-18 17:21:47.511,2025-09-18 17:21:47.511
56bc46d0-442b-4224-b196-c455d2940448,df6235f2-713f-4fe0-a832-d298c946180c,21068fc0-92f9-431c-b569-b34b834a37e4,Great work! Your solution is efficient and well-commented.,"{""style"":81,""efficiency"":85,""correctness"":84,""documentation"":77}",-2,false,2025-09-18 17:21:24.197,2025-09-18 17:21:24.197
56e28f21-0454-412f-a9bc-1791a0c63634,dc9964c0-2fc4-4033-be60-b10f81a10107,755b72bd-f5ab-4c92-850c-cbed0e7d8e9f,"Good approach, but consider edge cases for better robustness.","{""style"":74,""efficiency"":70,""correctness"":83,""documentation"":56}",-3,false,2025-09-18 17:20:53.824,2025-09-18 17:20:53.824
56fa69f0-762b-4c3f-8a2e-f381e0aa6425,3a67d750-6b82-4136-b8b3-dd26d9b17b8d,6d65d253-008a-477b-8364-d37e9ba1739e,Excellent implementation! You've handled all test cases perfectly.,"{""style"":95,""efficiency"":62,""correctness"":72,""documentation"":71}",-4,false,2025-09-18 17:21:44.808,2025-09-18 17:21:44.808
5860ad7e-6948-4a92-b81d-e3602694c218,83accf32-976d-403f-bdf6-1d35d92e392b,6d65d253-008a-477b-8364-d37e9ba1739e,Excellent implementation! You've handled all test cases perfectly.,"{""style"":75,""efficiency"":94,""correctness"":77,""documentation"":82}",-1,true,2025-09-18 17:20:54.093,2025-09-18 17:20:54.093
58a1ba9b-2e9a-4130-9206-3fa8f9937447,34cc8da5-1678-4ea3-82b8-0f84b8bf3907,6d65d253-008a-477b-8364-d37e9ba1739e,Nice solution! Consider adding input validation for production code.,"{""style"":89,""efficiency"":88,""correctness"":94,""documentation"":98}",-7,false,2025-09-18 17:21:07.036,2025-09-18 17:21:07.036
59eabd0f-0c1b-433f-813e-140ce0bbe963,06a255dc-3c04-4def-96c0-c1a5199c799b,ee52203d-989f-4f7a-aeb5-a2bef004164c,"Good approach, but consider edge cases for better robustness.","{""style"":98,""efficiency"":84,""correctness"":79,""documentation"":93}",-7,true,2025-09-18 17:22:08.922,2025-09-18 17:22:08.922
5a273601-2a15-4fb5-9446-c9d5c79a5b35,191cfd4b-d89a-4693-9b80-9b879bafefbd,53c2cad2-f417-4e15-85d5-ec013e45a614,Great work! Your solution is efficient and well-commented.,"{""style"":93,""efficiency"":61,""correctness"":71,""documentation"":53}",4,false,2025-09-18 17:21:34.038,2025-09-18 17:21:34.038
5bc7498e-d67c-48d6-ba8d-f2aa7b623975,594dc44d-da0c-4c0b-8147-2cbb69ef2c59,ee52203d-989f-4f7a-aeb5-a2bef004164c,Excellent implementation! You've handled all test cases perfectly.,"{""style"":72,""efficiency"":92,""correctness"":76,""documentation"":64}",-4,false,2025-09-18 17:21:20.034,2025-09-18 17:21:20.034
5c26844a-3867-4033-8ea9-20d997b8bc69,cbd95316-fc71-403f-a5fe-6a02d0974028,bdadd3c0-9b85-4661-9c7f-6e927c3aa83d,"Good start, but there are some issues with the algorithm complexity.","{""style"":79,""efficiency"":72,""correctness"":98,""documentation"":79}",-2,false,2025-09-18 17:21:30.479,2025-09-18 17:21:30.479
5c3ffcd9-e29f-4fa1-9079-a85ac66e109e,0c348f85-f345-4db3-a6b0-591574ea8733,53c2cad2-f417-4e15-85d5-ec013e45a614,"Good work, but try to optimize the time complexity further.","{""style"":90,""efficiency"":78,""correctness"":81,""documentation"":79}",-3,false,2025-09-18 17:21:53.932,2025-09-18 17:21:53.932
5cb467f6-ba45-42c1-ac3f-5dde882faaba,9e902c65-8a1a-4ebd-9f9f-0bdac0f9ee32,9bffaee6-755c-4b58-913e-3ccb77ecfa85,Well done! The code is clean and follows best practices.,"{""style"":75,""efficiency"":71,""correctness"":74,""documentation"":51}",2,false,2025-09-18 17:21:03.02,2025-09-18 17:21:03.02
5cc0dc64-36cc-4cea-9029-0a0e3a3b3593,0896c0ed-60d7-47ab-95ab-f7f15f3b90cf,21068fc0-92f9-431c-b569-b34b834a37e4,"Good work, but try to optimize the time complexity further.","{""style"":92,""efficiency"":84,""correctness"":94,""documentation"":63}",-7,false,2025-09-18 17:22:12.233,2025-09-18 17:22:12.233
5d277944-7744-48fb-aea7-a87ff542e197,f1c67b93-82a9-4c47-a700-60259498de2a,04620a06-5a7a-4244-b373-71b0b093f3a9,Great work! Your solution is efficient and well-commented.,"{""style"":89,""efficiency"":97,""correctness"":76,""documentation"":91}",5,true,2025-09-18 17:21:38.913,2025-09-18 17:21:38.913
5ef444a7-ffd1-4095-be55-36eac913cb44,73b41247-e080-49f1-8511-c3ea50546e34,d0b0158f-9272-49c5-a1db-17203c7ce2f0,"Good work, but try to optimize the time complexity further.","{""style"":71,""efficiency"":90,""correctness"":83,""documentation"":64}",-2,false,2025-09-18 17:21:09.2,2025-09-18 17:21:09.2
5f353f9a-c295-4224-bd0f-6452528f5a0f,c12e4c7a-c9da-4d82-b5b7-55772ada8364,6596c779-02bf-4b85-97d2-04ac04bb648e,"The logic is correct, but the code could be more readable.","{""style"":81,""efficiency"":92,""correctness"":77,""documentation"":70}",-4,false,2025-09-18 17:20:56.826,2025-09-18 17:20:56.826
62914aed-6d4c-4860-a40b-27b7620cb07e,532ccb56-4c7a-40f1-a9dd-2d3da2a685c8,ee52203d-989f-4f7a-aeb5-a2bef004164c,"Good start, but there are some issues with the algorithm complexity.","{""style"":77,""efficiency"":95,""correctness"":76,""documentation"":64}",-9,false,2025-09-18 17:21:16.388,2025-09-18 17:21:16.388
62d81c7b-ba79-4be2-8568-a07799d478b8,ede72917-67ec-4ae2-9bac-75486420a243,64a7c78b-b2e8-402d-8c6e-490277b66d7e,"Good work, but try to optimize the time complexity further.","{""style"":100,""efficiency"":71,""correctness"":88,""documentation"":54}",1,true,2025-09-18 17:21:25.023,2025-09-18 17:21:25.023
63f8b137-d2e2-46f2-b0f5-763583e37eef,1c0e39e0-78f9-4512-a98f-acec0d703a8d,04620a06-5a7a-4244-b373-71b0b093f3a9,Nice solution! Consider adding input validation for production code.,"{""style"":94,""efficiency"":89,""correctness"":70,""documentation"":56}",-5,false,2025-09-18 17:21:46.048,2025-09-18 17:21:46.048
65be9a7a-4b77-4cfd-9ade-15a0a10a0c3d,11e2e36c-f6e9-4cce-9c01-82d2b4985f7f,53c2cad2-f417-4e15-85d5-ec013e45a614,Well done! The code is clean and follows best practices.,"{""style"":85,""efficiency"":74,""correctness"":83,""documentation"":82}",-5,false,2025-09-18 17:21:47.226,2025-09-18 17:21:47.226
6749e078-7964-4242-a50b-c9de82a2e2d5,e83d0251-59d0-4c67-bcd7-45987007363c,64a7c78b-b2e8-402d-8c6e-490277b66d7e,Great work! Your solution is efficient and well-commented.,"{""style"":91,""efficiency"":96,""correctness"":92,""documentation"":61}",-9,false,2025-09-18 17:21:10.736,2025-09-18 17:21:10.736
67a63032-6007-45e3-872a-560c44d21c4c,0c38e3c5-7007-4f46-ab71-5898f57a13f5,d0b0158f-9272-49c5-a1db-17203c7ce2f0,Excellent implementation! You've handled all test cases perfectly.,"{""style"":83,""efficiency"":83,""correctness"":76,""documentation"":72}",-10,false,2025-09-18 17:21:40.817,2025-09-18 17:21:40.817
67d3cc1b-f320-4e38-9300-e71739d2123e,d3f80b20-7e92-44e3-8cfb-7bd998276cec,64a7c78b-b2e8-402d-8c6e-490277b66d7e,"Good start, but there are some issues with the algorithm complexity.","{""style"":84,""efficiency"":92,""correctness"":90,""documentation"":95}",-7,false,2025-09-18 17:21:19.48,2025-09-18 17:21:19.48
684599b2-9cd2-4101-9f6d-43e406d4be74,64bfaa64-e2f9-4ab0-b098-67c7b8840bed,8b1610ae-7c12-4251-b9e5-22e20dc44937,"Good work, but try to optimize the time complexity further.","{""style"":89,""efficiency"":78,""correctness"":89,""documentation"":90}",-10,false,2025-09-18 17:21:13.544,2025-09-18 17:21:13.544
6a108224-c543-4b7e-8f95-343c8e6c1ec9,75b0afb8-08e2-4cf2-8d49-4ab625fbe2ef,bdadd3c0-9b85-4661-9c7f-6e927c3aa83d,"Good start, but there are some issues with the algorithm complexity.","{""style"":83,""efficiency"":96,""correctness"":89,""documentation"":99}",5,true,2025-09-18 17:21:36.496,2025-09-18 17:21:36.496
6abb89fb-730f-40ff-9023-60a0061c75ea,f2a1b4c1-a34f-4578-a2c8-e8c63a15fd2e,ee52203d-989f-4f7a-aeb5-a2bef004164c,"Good approach, but consider edge cases for better robustness.","{""style"":71,""efficiency"":64,""correctness"":72,""documentation"":83}",2,false,2025-09-18 17:20:57.934,2025-09-18 17:20:57.934
6aea56e5-3877-491b-a27e-19f1a1cc277d,b4f996f3-4a7a-4b63-b51b-957971dac33e,9bffaee6-755c-4b58-913e-3ccb77ecfa85,Nice solution! Consider adding input validation for production code.,"{""style"":82,""efficiency"":66,""correctness"":91,""documentation"":69}",3,false,2025-09-18 17:22:03.039,2025-09-18 17:22:03.039
6bccf005-19bc-4886-a9e9-d78c998d0fdc,4b381f57-f421-466c-b098-2c093e9afd35,6596c779-02bf-4b85-97d2-04ac04bb648e,Great work! Your solution is efficient and well-commented.,"{""style"":78,""efficiency"":83,""correctness"":94,""documentation"":87}",-9,false,2025-09-18 17:20:55.458,2025-09-18 17:20:55.458
6fc8b7e4-a3b5-4809-a781-26368a2c5747,45ccf848-7b79-4941-8bd8-6d9014b5e905,ee52203d-989f-4f7a-aeb5-a2bef004164c,"Good work, but try to optimize the time complexity further.","{""style"":77,""efficiency"":73,""correctness"":100,""documentation"":55}",4,false,2025-09-18 17:21:21.948,2025-09-18 17:21:21.948
713dae3b-b6a5-4ec0-a823-34c06c5a6a89,9188c6cd-1475-4e7a-9b12-733957bc571a,9bffaee6-755c-4b58-913e-3ccb77ecfa85,"Good start, but there are some issues with the algorithm complexity.","{""style"":93,""efficiency"":93,""correctness"":74,""documentation"":59}",-10,false,2025-09-18 17:21:34.86,2025-09-18 17:21:34.86
7251d8a7-5a20-4c4e-95a3-29e66e7a05ab,b4ab7032-f72f-488b-bfe3-17868ddb83db,bdadd3c0-9b85-4661-9c7f-6e927c3aa83d,Nice solution! Consider adding input validation for production code.,"{""style"":72,""efficiency"":60,""correctness"":84,""documentation"":52}",1,false,2025-09-18 17:21:42.734,2025-09-18 17:21:42.734
7335dda2-7c56-4447-a60b-87517feecc10,1f7da04e-ee30-4cee-b421-61576b33b047,04620a06-5a7a-4244-b373-71b0b093f3a9,"Good work, but try to optimize the time complexity further.","{""style"":74,""efficiency"":100,""correctness"":86,""documentation"":93}",-7,false,2025-09-18 17:21:53.148,2025-09-18 17:21:53.148
73d6d69b-d5e4-44c3-afd5-8f54cc36586e,df9fbeb7-c99d-482d-864d-7b561517b0b8,755b72bd-f5ab-4c92-850c-cbed0e7d8e9f,Great work! Your solution is efficient and well-commented.,"{""style"":95,""efficiency"":95,""correctness"":100,""documentation"":50}",0,true,2025-09-18 17:21:54.729,2025-09-18 17:21:54.729
74c86107-7fe1-4121-8178-4718afa50386,f49b5c55-07d2-426f-9ed9-4388f107c41a,3ddfe0a9-6730-4d5c-b6b9-dafd6c96bc4e,Excellent implementation! You've handled all test cases perfectly.,"{""style"":91,""efficiency"":83,""correctness"":87,""documentation"":85}",2,false,2025-09-18 17:21:05.099,2025-09-18 17:21:05.099
756ac598-c425-4166-a329-5a2835048aef,e55247d6-ac1c-4a53-a3e6-7c5596b5868a,40e87907-ffa5-48ea-967f-ec8f169694f7,Excellent implementation! You've handled all test cases perfectly.,"{""style"":87,""efficiency"":95,""correctness"":95,""documentation"":64}",-2,false,2025-09-18 17:21:34.577,2025-09-18 17:21:34.577
75fad4c8-2dcd-4106-ab63-f18cfeb671d9,55a360f6-7328-4218-b16b-93d1c2cb59c9,9bffaee6-755c-4b58-913e-3ccb77ecfa85,"Good start, but there are some issues with the algorithm complexity.","{""style"":92,""efficiency"":86,""correctness"":74,""documentation"":85}",-2,false,2025-09-18 17:22:11.664,2025-09-18 17:22:11.664
76b31a2b-aa99-4957-99d3-30126335198b,473e6db9-c121-46fa-8d00-b024d1ebc241,8b1610ae-7c12-4251-b9e5-22e20dc44937,Excellent implementation! You've handled all test cases perfectly.,"{""style"":86,""efficiency"":96,""correctness"":76,""documentation"":92}",-4,true,2025-09-18 17:21:02.182,2025-09-18 17:21:02.182
7a58b944-3eee-480f-a3f8-c9cf73b6a88c,5439f5ff-5e6b-40fd-9fd2-6cbeb5a2cbce,6596c779-02bf-4b85-97d2-04ac04bb648e,Nice solution! Consider adding input validation for production code.,"{""style"":92,""efficiency"":66,""correctness"":71,""documentation"":67}",-8,false,2025-09-18 17:21:08.101,2025-09-18 17:21:08.101
7a5cfa41-3a70-45f6-bd71-3dcf064c2c6f,440c3751-0939-4748-bae2-42f2173628d5,d0b0158f-9272-49c5-a1db-17203c7ce2f0,"Good approach, but consider edge cases for better robustness.","{""style"":79,""efficiency"":92,""correctness"":85,""documentation"":59}",-5,false,2025-09-18 17:22:04.751,2025-09-18 17:22:04.751
7ae70583-4d0f-4881-ba64-b4d4a24d63a1,9e983dce-7bc6-4b58-a4dd-36009b2ab32c,04620a06-5a7a-4244-b373-71b0b093f3a9,Great work! Your solution is efficient and well-commented.,"{""style"":77,""efficiency"":62,""correctness"":80,""documentation"":58}",-10,false,2025-09-18 17:22:11.119,2025-09-18 17:22:11.119
7d2a94ea-5699-4b73-8da8-ea870becdff6,9bc8744c-305e-40ae-bd10-2ea0494dbbb6,6596c779-02bf-4b85-97d2-04ac04bb648e,"Good start, but there are some issues with the algorithm complexity.","{""style"":73,""efficiency"":83,""correctness"":78,""documentation"":79}",-10,false,2025-09-18 17:21:08.664,2025-09-18 17:21:08.664
7d720780-67a4-48d6-bc63-02b9d336a315,3b624453-f580-4ed7-99a1-ebb86dc5d126,d0b0158f-9272-49c5-a1db-17203c7ce2f0,"Good start, but there are some issues with the algorithm complexity.","{""style"":76,""efficiency"":90,""correctness"":98,""documentation"":100}",-8,false,2025-09-18 17:21:48.636,2025-09-18 17:21:48.636
7e240f5c-7bfb-4791-b8c7-33e85481eefb,4566e571-05eb-4596-baab-8be55af3a74f,8b1610ae-7c12-4251-b9e5-22e20dc44937,"Good approach, but consider edge cases for better robustness.","{""style"":90,""efficiency"":66,""correctness"":85,""documentation"":73}",4,false,2025-09-18 17:21:15.2,2025-09-18 17:21:15.2
7efb913c-e454-4758-b5c1-f5821a233cfc,09e2e252-6b9e-4aa2-8b81-df2922856938,bdadd3c0-9b85-4661-9c7f-6e927c3aa83d,"Good work, but try to optimize the time complexity further.","{""style"":89,""efficiency"":82,""correctness"":93,""documentation"":84}",-2,false,2025-09-18 17:20:54.653,2025-09-18 17:20:54.653
7fa26d67-5599-4e75-bd6b-4d12fd30b360,3cad289a-1bfd-4709-9910-f33b6256f0ee,bdadd3c0-9b85-4661-9c7f-6e927c3aa83d,"Good start, but there are some issues with the algorithm complexity.","{""style"":78,""efficiency"":87,""correctness"":74,""documentation"":84}",1,false,2025-09-18 17:21:46.939,2025-09-18 17:21:46.939
81682586-3d8b-4191-8ed8-481940610156,6d4433c4-8d14-4c62-9ab1-0d0b1f56acb4,ee52203d-989f-4f7a-aeb5-a2bef004164c,Nice solution! Consider adding input validation for production code.,"{""style"":76,""efficiency"":98,""correctness"":94,""documentation"":86}",-6,false,2025-09-18 17:21:22.472,2025-09-18 17:21:22.472
819262d2-50e9-4464-84de-5b63203e425a,9b4e3358-5916-4bc4-9915-b999d01c6f25,755b72bd-f5ab-4c92-850c-cbed0e7d8e9f,"The logic is correct, but the code could be more readable.","{""style"":84,""efficiency"":84,""correctness"":97,""documentation"":79}",0,true,2025-09-18 17:20:55.725,2025-09-18 17:20:55.725
81c2cb9a-0c6d-4b29-a045-78961e0ff459,3fe4b30c-a5d3-4872-ac73-96d535cad984,83d35cc6-16ba-4eac-a654-4f7368671195,Excellent implementation! You've handled all test cases perfectly.,"{""style"":91,""efficiency"":69,""correctness"":83,""documentation"":75}",-4,true,2025-09-18 17:21:11.265,2025-09-18 17:21:11.265
8250e88b-d828-4d6f-910a-750565c1e716,97fa4672-9338-4f30-b573-3250329c5a71,755b72bd-f5ab-4c92-850c-cbed0e7d8e9f,"Good start, but there are some issues with the algorithm complexity.","{""style"":90,""efficiency"":68,""correctness"":72,""documentation"":72}",1,false,2025-09-18 17:21:18.387,2025-09-18 17:21:18.387
837d8fde-28b1-4e2c-ae58-07d7aa31b7a9,3e07fab6-5bf0-45b8-83c4-0a4e2e470dd3,04620a06-5a7a-4244-b373-71b0b093f3a9,"Good approach, but consider edge cases for better robustness.","{""style"":86,""efficiency"":91,""correctness"":93,""documentation"":72}",-6,false,2025-09-18 17:21:11.592,2025-09-18 17:21:11.592
83d9a7eb-4ffe-4cd9-8dbf-39db181018a3,1626ff7e-20c7-4e88-93d0-523d07ae83d0,64a7c78b-b2e8-402d-8c6e-490277b66d7e,Nice solution! Consider adding input validation for production code.,"{""style"":77,""efficiency"":77,""correctness"":93,""documentation"":66}",0,false,2025-09-18 17:21:57.776,2025-09-18 17:21:57.776
84ad4001-a090-4e1c-90d9-452c5c7be1ac,cec424a2-54a5-42b3-8fe6-be9b23f15fe2,3ddfe0a9-6730-4d5c-b6b9-dafd6c96bc4e,"Good approach, but consider edge cases for better robustness.","{""style"":75,""efficiency"":92,""correctness"":88,""documentation"":74}",-5,false,2025-09-18 17:20:58.495,2025-09-18 17:20:58.495
85d134a3-5443-4396-9d6a-94c0abec002a,35ef928a-0ce6-45e0-aa56-8f0741dbba68,8b1610ae-7c12-4251-b9e5-22e20dc44937,Nice solution! Consider adding input validation for production code.,"{""style"":96,""efficiency"":63,""correctness"":74,""documentation"":69}",5,true,2025-09-18 17:22:05.583,2025-09-18 17:22:05.583
85e6f0ae-7dcc-40e9-aa32-9a180a648a1c,1b93e2fa-7aa2-4ab4-9bb9-33457d950af0,64a7c78b-b2e8-402d-8c6e-490277b66d7e,"Good approach, but consider edge cases for better robustness.","{""style"":79,""efficiency"":69,""correctness"":86,""documentation"":69}",5,false,2025-09-18 17:21:32.673,2025-09-18 17:21:32.673
89ab7411-3ffd-46b4-98c0-6f85b9e8365f,cc58520b-0b48-4df3-9195-5706fac6f800,83d35cc6-16ba-4eac-a654-4f7368671195,Great work! Your solution is efficient and well-commented.,"{""style"":77,""efficiency"":72,""correctness"":90,""documentation"":92}",0,false,2025-09-18 17:21:24.742,2025-09-18 17:21:24.742
8b82abd1-83de-4693-be1a-f96b1e56b6fd,9dacf4fe-6758-4e55-9364-fc4dafa4056f,d0b0158f-9272-49c5-a1db-17203c7ce2f0,Nice solution! Consider adding input validation for production code.,"{""style"":72,""efficiency"":67,""correctness"":72,""documentation"":55}",-10,false,2025-09-18 17:21:40.013,2025-09-18 17:21:40.013
8b90eac7-86be-4142-8c86-2f373b49eb94,3ffe2f50-ab8a-47fe-ab4c-24d66921917f,9bffaee6-755c-4b58-913e-3ccb77ecfa85,Excellent implementation! You've handled all test cases perfectly.,"{""style"":96,""efficiency"":86,""correctness"":88,""documentation"":91}",1,false,2025-09-18 17:21:26.405,2025-09-18 17:21:26.405
8bb17a3f-ca2c-40f8-8427-fb8f38ca899b,783a849b-62eb-492a-9ba4-09a10300d95f,6d65d253-008a-477b-8364-d37e9ba1739e,"Good work, but try to optimize the time complexity further.","{""style"":73,""efficiency"":83,""correctness"":99,""documentation"":50}",4,false,2025-09-18 17:21:04.465,2025-09-18 17:21:04.465
8db0b706-7121-4f7a-bab3-b7d55426a6ed,290ec541-4535-4b0a-a9d9-71dd1eb349c1,755b72bd-f5ab-4c92-850c-cbed0e7d8e9f,Excellent implementation! You've handled all test cases perfectly.,"{""style"":80,""efficiency"":100,""correctness"":97,""documentation"":83}",-9,false,2025-09-18 17:21:01.013,2025-09-18 17:21:01.013
8e5456dc-23c9-4d38-b291-76644a9469d2,83f45f56-8cc7-4254-8cb0-3ff6f2291104,755b72bd-f5ab-4c92-850c-cbed0e7d8e9f,"Good work, but try to optimize the time complexity further.","{""style"":81,""efficiency"":82,""correctness"":89,""documentation"":67}",-4,false,2025-09-18 17:21:21.405,2025-09-18 17:21:21.405
8e8ef52e-6348-4ba7-b62c-dac71241a0e4,ee4fba0a-42f5-4ca2-b316-54058c47e063,d0b0158f-9272-49c5-a1db-17203c7ce2f0,"Good start, but there are some issues with the algorithm complexity.","{""style"":73,""efficiency"":76,""correctness"":74,""documentation"":68}",-5,true,2025-09-18 17:21:08.366,2025-09-18 17:21:08.366
8f42d1b0-f707-4e4c-b721-e3358be730d4,4b97c1cd-4c45-41c1-8049-174c6906be5d,6596c779-02bf-4b85-97d2-04ac04bb648e,Well done! The code is clean and follows best practices.,"{""style"":87,""efficiency"":79,""correctness"":72,""documentation"":71}",1,true,2025-09-18 17:21:31.009,2025-09-18 17:21:31.009
8fd7830c-6aef-40ab-a7eb-c3891d54456f,b1c69e65-0343-411d-9adf-b76aa5ff286f,04620a06-5a7a-4244-b373-71b0b093f3a9,"The logic is correct, but the code could be more readable.","{""style"":77,""efficiency"":73,""correctness"":77,""documentation"":63}",5,false,2025-09-18 17:21:37.014,2025-09-18 17:21:37.014
941b0059-d77f-4fb6-a42a-eac0915ec867,163775da-cf27-42fa-b4bf-16f333f18774,d0b0158f-9272-49c5-a1db-17203c7ce2f0,Great work! Your solution is efficient and well-commented.,"{""style"":84,""efficiency"":92,""correctness"":93,""documentation"":78}",2,false,2025-09-18 17:21:37.54,2025-09-18 17:21:37.54
950c44b6-ac01-44b1-9e4a-4c4f33d7291c,7c5de916-2995-4cd4-a401-cc772008d02a,d0b0158f-9272-49c5-a1db-17203c7ce2f0,Excellent implementation! You've handled all test cases perfectly.,"{""style"":90,""efficiency"":72,""correctness"":83,""documentation"":72}",1,false,2025-09-18 17:21:57.173,2025-09-18 17:21:57.173
9612d0d6-d366-4c46-9e63-25e4e16e5f1f,137fced3-9891-4232-82f7-d8fb6882ac67,bdadd3c0-9b85-4661-9c7f-6e927c3aa83d,"Good start, but there are some issues with the algorithm complexity.","{""style"":81,""efficiency"":77,""correctness"":76,""documentation"":88}",1,true,2025-09-18 17:21:21.115,2025-09-18 17:21:21.115
96ae007c-2ba1-48c8-a475-e21b19d9ec03,81c8c758-63f4-4a64-a0e4-a130c5f15a75,3ddfe0a9-6730-4d5c-b6b9-dafd6c96bc4e,"Good work, but try to optimize the time complexity further.","{""style"":90,""efficiency"":66,""correctness"":75,""documentation"":92}",-9,false,2025-09-18 17:20:55.191,2025-09-18 17:20:55.191
9784b895-2c80-47ad-a1ca-278f9f66ac98,a4c6e74a-6b2e-4329-91b8-2c7fe8098b14,83d35cc6-16ba-4eac-a654-4f7368671195,Excellent implementation! You've handled all test cases perfectly.,"{""style"":84,""efficiency"":81,""correctness"":92,""documentation"":74}",-4,false,2025-09-18 17:22:03.321,2025-09-18 17:22:03.321
979c701e-ee9d-44cd-92eb-9f72dfd951f3,fb6d7683-b492-4fc0-bd64-587b85969e21,d0b0158f-9272-49c5-a1db-17203c7ce2f0,"The logic is correct, but the code could be more readable.","{""style"":98,""efficiency"":73,""correctness"":87,""documentation"":64}",2,false,2025-09-18 17:21:31.273,2025-09-18 17:21:31.273
9924e65d-75d3-450c-a26b-edd2ed467f53,af8a1ee8-b727-481d-8d00-38897667adc7,6596c779-02bf-4b85-97d2-04ac04bb648e,"The logic is correct, but the code could be more readable.","{""style"":96,""efficiency"":79,""correctness"":98,""documentation"":85}",-10,true,2025-09-18 17:22:03.924,2025-09-18 17:22:03.924
99f60f32-328e-4e1a-98a4-9c0f3d5469d4,c73d664a-9101-405b-bbb6-d05c3b37836e,3ddfe0a9-6730-4d5c-b6b9-dafd6c96bc4e,Well done! The code is clean and follows best practices.,"{""style"":94,""efficiency"":67,""correctness"":79,""documentation"":67}",4,false,2025-09-18 17:21:29.429,2025-09-18 17:21:29.429
9c899690-1996-4afe-9e92-b14b8b3f563b,8dd9c825-ec56-4660-bf84-1544c82d4c3d,8b1610ae-7c12-4251-b9e5-22e20dc44937,Nice solution! Consider adding input validation for production code.,"{""style"":98,""efficiency"":69,""correctness"":89,""documentation"":55}",-3,false,2025-09-18 17:21:52.451,2025-09-18 17:21:52.451
9cb4c941-9813-4633-8919-44e22e0938ef,aa808f15-d677-48c8-9413-e832e0cf3e45,6d65d253-008a-477b-8364-d37e9ba1739e,"The logic is correct, but the code could be more readable.","{""style"":92,""efficiency"":76,""correctness"":99,""documentation"":90}",4,true,2025-09-18 17:21:55.549,2025-09-18 17:21:55.549
9ce1c8ae-fc93-41c7-b859-125cd0b8415d,6d536efc-477f-48be-b537-8d58b21f123d,04620a06-5a7a-4244-b373-71b0b093f3a9,"Good approach, but consider edge cases for better robustness.","{""style"":91,""efficiency"":60,""correctness"":78,""documentation"":80}",3,false,2025-09-18 17:21:14.641,2025-09-18 17:21:14.641
9d09fc38-d682-443c-aac8-a53984a32b79,5b01ab57-5ee8-4bf3-93eb-1230922f3c00,8b1610ae-7c12-4251-b9e5-22e20dc44937,Great work! Your solution is efficient and well-commented.,"{""style"":95,""efficiency"":89,""correctness"":80,""documentation"":67}",2,false,2025-09-18 17:21:43.01,2025-09-18 17:21:43.01
9d913da2-f277-4f54-ade9-9eb01301f0f1,7468f6dd-6e87-4fff-aef7-a01a75d030a4,bdadd3c0-9b85-4661-9c7f-6e927c3aa83d,"Good work, but try to optimize the time complexity further.","{""style"":77,""efficiency"":82,""correctness"":90,""documentation"":97}",0,false,2025-09-18 17:21:03.311,2025-09-18 17:21:03.311
9fb52135-f494-4628-a04e-49b2d5dfe79c,8a1d4c82-c64f-4eb8-9e21-76c2aec79ec4,8b1610ae-7c12-4251-b9e5-22e20dc44937,Nice solution! Consider adding input validation for production code.,"{""style"":84,""efficiency"":71,""correctness"":83,""documentation"":82}",-10,false,2025-09-18 17:21:50.28,2025-09-18 17:21:50.28
a2a64688-e174-459c-9a4d-22e1fdb43e68,4daf084a-b7ce-4164-b2c7-be7ea02e95c3,755b72bd-f5ab-4c92-850c-cbed0e7d8e9f,"Good work, but try to optimize the time complexity further.","{""style"":83,""efficiency"":65,""correctness"":83,""documentation"":65}",4,false,2025-09-18 17:21:23.658,2025-09-18 17:21:23.658
a43dfbd7-9c7a-48cc-b6c2-4c4ade89b16d,5622b116-ffbd-4433-813f-38bb1a1d808d,bdadd3c0-9b85-4661-9c7f-6e927c3aa83d,"Good start, but there are some issues with the algorithm complexity.","{""style"":80,""efficiency"":92,""correctness"":78,""documentation"":50}",3,false,2025-09-18 17:22:08.103,2025-09-18 17:22:08.103
a5bd7eed-50d7-448a-bd54-7536ac5a7edb,d2453ecc-b0fa-49ad-b59f-7eceae78e694,9bffaee6-755c-4b58-913e-3ccb77ecfa85,"Good start, but there are some issues with the algorithm complexity.","{""style"":77,""efficiency"":87,""correctness"":80,""documentation"":88}",-1,false,2025-09-18 17:21:38.645,2025-09-18 17:21:38.645
a698eca5-576d-4ca0-ac34-88071029d2c9,ad975143-b6d5-4fad-8294-8df02eefc9fd,53c2cad2-f417-4e15-85d5-ec013e45a614,Well done! The code is clean and follows best practices.,"{""style"":90,""efficiency"":61,""correctness"":87,""documentation"":60}",-2,false,2025-09-18 17:21:25.835,2025-09-18 17:21:25.835
a6b5c336-1360-4aa3-a6ae-32e9214f2bd6,3ad6fd87-1745-4fc5-a4b3-214292355852,64a7c78b-b2e8-402d-8c6e-490277b66d7e,"Good approach, but consider edge cases for better robustness.","{""style"":91,""efficiency"":64,""correctness"":75,""documentation"":88}",2,false,2025-09-18 17:22:03.638,2025-09-18 17:22:03.638
a7083d96-e0b5-4c0f-aa92-ad693c60f54f,02ac8664-5c69-454b-b856-6248f46e5d2b,40e87907-ffa5-48ea-967f-ec8f169694f7,Nice solution! Consider adding input validation for production code.,"{""style"":88,""efficiency"":68,""correctness"":98,""documentation"":86}",-5,false,2025-09-18 17:21:35.14,2025-09-18 17:21:35.14
a750fcb8-6b91-4070-86ba-1d4805452715,81d26494-38ca-4c32-8235-d1cb71645aeb,d0b0158f-9272-49c5-a1db-17203c7ce2f0,"Good work, but try to optimize the time complexity further.","{""style"":100,""efficiency"":91,""correctness"":74,""documentation"":66}",-10,false,2025-09-18 17:21:49.449,2025-09-18 17:21:49.449
aa5445cb-0acf-4976-ba33-38696a8fbd39,127406c2-2fd6-4605-8284-0d6b329d2fa0,755b72bd-f5ab-4c92-850c-cbed0e7d8e9f,Great work! Your solution is efficient and well-commented.,"{""style"":85,""efficiency"":89,""correctness"":89,""documentation"":73}",-4,true,2025-09-18 17:22:07.242,2025-09-18 17:22:07.242
ab6c7f5f-d1c5-4178-86b4-03f440cda001,9c00dbe1-6e5f-4405-bf66-4e83b3551be9,3ddfe0a9-6730-4d5c-b6b9-dafd6c96bc4e,"The logic is correct, but the code could be more readable.","{""style"":93,""efficiency"":71,""correctness"":100,""documentation"":63}",2,false,2025-09-18 17:22:09.489,2025-09-18 17:22:09.489
ac4aaae4-d977-405d-99eb-4d24e0cb7269,d7932315-ba01-49a0-9f4f-bbf0a31987c3,bdadd3c0-9b85-4661-9c7f-6e927c3aa83d,"Good approach, but consider edge cases for better robustness.","{""style"":76,""efficiency"":70,""correctness"":75,""documentation"":99}",-7,false,2025-09-18 17:21:44.101,2025-09-18 17:21:44.101
b0ffb8b7-12a8-4a44-80c5-2d9d053a8d30,97ad30e5-542c-4cfd-8c47-c48c0fd36eaf,40e87907-ffa5-48ea-967f-ec8f169694f7,"The logic is correct, but the code could be more readable.","{""style"":92,""efficiency"":63,""correctness"":94,""documentation"":50}",1,false,2025-09-18 17:21:16.671,2025-09-18 17:21:16.671
b15a76f3-beb9-4fe4-bdda-e7c34bba855b,cd88c9e2-39b5-450e-99ba-351b90f23b6b,bdadd3c0-9b85-4661-9c7f-6e927c3aa83d,Great work! Your solution is efficient and well-commented.,"{""style"":81,""efficiency"":65,""correctness"":85,""documentation"":89}",3,false,2025-09-18 17:21:10.175,2025-09-18 17:21:10.175
b22acf8c-1570-43fd-a5be-f413eeed852b,79da0c5e-f102-4417-a33c-b0790468e3fa,8b1610ae-7c12-4251-b9e5-22e20dc44937,"Good work, but try to optimize the time complexity further.","{""style"":72,""efficiency"":72,""correctness"":82,""documentation"":77}",4,false,2025-09-18 17:21:33.483,2025-09-18 17:21:33.483
b2f4d8e9-3e92-4d75-b3df-e6dfe222139d,a7e305d7-dbfa-4d9f-9e3d-073b47d310e7,755b72bd-f5ab-4c92-850c-cbed0e7d8e9f,Well done! The code is clean and follows best practices.,"{""style"":92,""efficiency"":65,""correctness"":78,""documentation"":89}",-5,false,2025-09-18 17:21:54.187,2025-09-18 17:21:54.187
b2fdaa92-7146-4554-b4e2-b427f1067bb6,1309a077-43d1-439f-8d3b-f6a6aeb09cc2,6d65d253-008a-477b-8364-d37e9ba1739e,"Good approach, but consider edge cases for better robustness.","{""style"":84,""efficiency"":71,""correctness"":82,""documentation"":96}",-6,false,2025-09-18 17:21:38.097,2025-09-18 17:21:38.097
b343a9ea-fcf2-49d5-864f-475062fde99d,b220aaa1-e748-45f7-b375-91b542297657,ee52203d-989f-4f7a-aeb5-a2bef004164c,"Good start, but there are some issues with the algorithm complexity.","{""style"":70,""efficiency"":77,""correctness"":72,""documentation"":63}",-4,false,2025-09-18 17:21:38.363,2025-09-18 17:21:38.363
b39293ab-88e4-4fb1-9520-ba5ff7e1e15f,6b1e5501-f56e-4b1a-912b-ad499c40237c,8b1610ae-7c12-4251-b9e5-22e20dc44937,"Good start, but there are some issues with the algorithm complexity.","{""style"":85,""efficiency"":90,""correctness"":85,""documentation"":75}",1,true,2025-09-18 17:21:17.539,2025-09-18 17:21:17.539
b3bbca1f-b647-4eec-a478-6b57286cb0bb,6d5c19e7-6819-4d7b-b5c3-aa58d8251eb2,3ddfe0a9-6730-4d5c-b6b9-dafd6c96bc4e,"Good approach, but consider edge cases for better robustness.","{""style"":89,""efficiency"":81,""correctness"":93,""documentation"":98}",-6,false,2025-09-18 17:21:04.173,2025-09-18 17:21:04.173
b439aa44-8d0e-4b4d-ac66-587211c2db1b,5ae4eac6-f0f6-4232-b4f8-40b6045baa71,21068fc0-92f9-431c-b569-b34b834a37e4,"Good approach, but consider edge cases for better robustness.","{""style"":96,""efficiency"":64,""correctness"":91,""documentation"":59}",2,true,2025-09-18 17:22:10.849,2025-09-18 17:22:10.849
b55ce6bb-9295-455b-8586-5b289d78a245,f0140eed-3614-4bdf-8ccc-12d6b3edc5a9,ee52203d-989f-4f7a-aeb5-a2bef004164c,"Good start, but there are some issues with the algorithm complexity.","{""style"":79,""efficiency"":67,""correctness"":74,""documentation"":61}",5,false,2025-09-18 17:21:45.416,2025-09-18 17:21:45.416
b5901baf-8100-482c-8473-c6202272b9bb,f16d38ee-c816-4bfd-97b6-19990a0d3ba7,53c2cad2-f417-4e15-85d5-ec013e45a614,"Good work, but try to optimize the time complexity further.","{""style"":78,""efficiency"":77,""correctness"":87,""documentation"":80}",5,true,2025-09-18 17:20:58.777,2025-09-18 17:20:58.777
b644b308-dc00-4ddd-9240-c1184232484d,d04df91a-6806-46b1-bc32-8a2bc8d76949,d0b0158f-9272-49c5-a1db-17203c7ce2f0,"Good start, but there are some issues with the algorithm complexity.","{""style"":89,""efficiency"":69,""correctness"":85,""documentation"":94}",-9,false,2025-09-18 17:21:39.749,2025-09-18 17:21:39.749
b6be0d17-a93a-4084-8062-ff34ff539e68,bb16d68b-b4b7-47df-a98e-8de2523ad7a8,21068fc0-92f9-431c-b569-b34b834a37e4,Excellent implementation! You've handled all test cases perfectly.,"{""style"":74,""efficiency"":83,""correctness"":99,""documentation"":99}",-3,false,2025-09-18 17:21:12.152,2025-09-18 17:21:12.152
b8532ff9-5f0d-4955-817b-5fd1a92929fc,5819e4f2-bdb6-42f8-b2f6-50adb99aa068,40e87907-ffa5-48ea-967f-ec8f169694f7,"The logic is correct, but the code could be more readable.","{""style"":70,""efficiency"":90,""correctness"":79,""documentation"":55}",-5,true,2025-09-18 17:20:59.632,2025-09-18 17:20:59.632
b9a0b12e-11ab-478e-97cc-3f5f56efcc91,0201fd5f-a114-45fe-8e7d-22b15e56be6f,40e87907-ffa5-48ea-967f-ec8f169694f7,"Good approach, but consider edge cases for better robustness.","{""style"":80,""efficiency"":68,""correctness"":88,""documentation"":84}",4,false,2025-09-18 17:21:03.896,2025-09-18 17:21:03.896
b9b8ce06-0705-4e04-946b-1d9d351cd63b,0dad66cf-bed1-4765-8e92-a2181c767919,8b1610ae-7c12-4251-b9e5-22e20dc44937,Excellent implementation! You've handled all test cases perfectly.,"{""style"":90,""efficiency"":95,""correctness"":89,""documentation"":64}",5,false,2025-09-18 17:20:55.996,2025-09-18 17:20:55.996
ba034daf-4e8d-4f95-9e92-c6fb2bf6462d,1d877d4d-56d7-4ecd-b91a-7fed86632c39,d0b0158f-9272-49c5-a1db-17203c7ce2f0,"The logic is correct, but the code could be more readable.","{""style"":75,""efficiency"":81,""correctness"":99,""documentation"":99}",5,false,2025-09-18 17:21:59.434,2025-09-18 17:21:59.434
baa6b2a7-4354-4f7e-9618-e36c8de5bd40,df8b661f-9d9a-40ab-b5e5-f1211dfcfbcb,40e87907-ffa5-48ea-967f-ec8f169694f7,"Good approach, but consider edge cases for better robustness.","{""style"":80,""efficiency"":84,""correctness"":84,""documentation"":52}",5,false,2025-09-18 17:21:41.098,2025-09-18 17:21:41.098
baf793df-b9de-4776-8bec-fa36f0699e3f,317886eb-6f49-4886-b495-582f5c330dbf,3ddfe0a9-6730-4d5c-b6b9-dafd6c96bc4e,Well done! The code is clean and follows best practices.,"{""style"":84,""efficiency"":85,""correctness"":98,""documentation"":92}",-3,false,2025-09-18 17:21:04.763,2025-09-18 17:21:04.763
bb24f6d7-6a2d-4225-ab69-5959fdfcbba3,d3ebd085-6945-48bc-b134-64c86d570523,d0b0158f-9272-49c5-a1db-17203c7ce2f0,Well done! The code is clean and follows best practices.,"{""style"":99,""efficiency"":70,""correctness"":71,""documentation"":73}",4,false,2025-09-18 17:21:06.497,2025-09-18 17:21:06.497
bbb3db01-04da-4b1f-8d5d-c0429fbd5642,0a7ff24a-5b6b-442a-a751-d9bacd0d1c6f,ee52203d-989f-4f7a-aeb5-a2bef004164c,"Good start, but there are some issues with the algorithm complexity.","{""style"":97,""efficiency"":83,""correctness"":75,""documentation"":99}",-6,false,2025-09-18 17:21:51.377,2025-09-18 17:21:51.377
bd2c7a1f-e050-4232-9a80-ff5293a6d805,fe47c6b5-a2a3-49d9-a5c2-486b2e995e07,83d35cc6-16ba-4eac-a654-4f7368671195,"Good start, but there are some issues with the algorithm complexity.","{""style"":97,""efficiency"":81,""correctness"":83,""documentation"":80}",2,false,2025-09-18 17:21:29.687,2025-09-18 17:21:29.687
bec1dbc6-973b-4eef-bbe9-e9bf08811202,f8aff172-b28b-47fa-b572-d298d4cb2bbc,6596c779-02bf-4b85-97d2-04ac04bb648e,"Good approach, but consider edge cases for better robustness.","{""style"":91,""efficiency"":92,""correctness"":78,""documentation"":54}",1,false,2025-09-18 17:21:35.983,2025-09-18 17:21:35.983
c10a732e-35e7-4f61-8fc2-69cee3392923,263de474-244f-40ab-a0a6-0c9266e5be6d,3ddfe0a9-6730-4d5c-b6b9-dafd6c96bc4e,Excellent implementation! You've handled all test cases perfectly.,"{""style"":72,""efficiency"":77,""correctness"":86,""documentation"":71}",-2,true,2025-09-18 17:21:35.435,2025-09-18 17:21:35.435
c20a45d0-bbc8-4188-9375-a513cbfabeea,28df6990-c22c-4d90-a434-06eecccedf51,755b72bd-f5ab-4c92-850c-cbed0e7d8e9f,"Good approach, but consider edge cases for better robustness.","{""style"":83,""efficiency"":86,""correctness"":88,""documentation"":55}",0,false,2025-09-18 17:20:59.087,2025-09-18 17:20:59.087
c2cb2715-d2a0-4698-b711-14102b966df9,71c895ee-9684-4101-ae7a-09db61105718,6d65d253-008a-477b-8364-d37e9ba1739e,"Good start, but there are some issues with the algorithm complexity.","{""style"":86,""efficiency"":79,""correctness"":84,""documentation"":61}",3,false,2025-09-18 17:22:04.488,2025-09-18 17:22:04.488
c31dab5c-9a63-4ca0-8854-4f842864a86b,69b0b9e4-09e0-464b-9e42-2b331f76df50,d0b0158f-9272-49c5-a1db-17203c7ce2f0,"The logic is correct, but the code could be more readable.","{""style"":76,""efficiency"":62,""correctness"":84,""documentation"":100}",-1,false,2025-09-18 17:21:43.568,2025-09-18 17:21:43.568
c357e39f-44dd-47d6-bf0f-91919bd0847f,70acc20b-e5e5-41c8-b406-f5670827d51b,53c2cad2-f417-4e15-85d5-ec013e45a614,Great work! Your solution is efficient and well-commented.,"{""style"":77,""efficiency"":100,""correctness"":93,""documentation"":87}",-10,false,2025-09-18 17:21:12.429,2025-09-18 17:21:12.429
c41ba39d-9ce0-4126-b03f-f1d12dbb6b59,f437a684-6b55-456c-8325-9ee4a6df8777,755b72bd-f5ab-4c92-850c-cbed0e7d8e9f,Nice solution! Consider adding input validation for production code.,"{""style"":84,""efficiency"":66,""correctness"":74,""documentation"":89}",-9,false,2025-09-18 17:21:19.76,2025-09-18 17:21:19.76
c45bcd99-83d3-4556-81d6-3c74618c079e,3312ed73-f898-49f6-825a-f440b75a1311,40e87907-ffa5-48ea-967f-ec8f169694f7,Nice solution! Consider adding input validation for production code.,"{""style"":95,""efficiency"":82,""correctness"":85,""documentation"":100}",1,false,2025-09-18 17:21:05.662,2025-09-18 17:21:05.662
c4b1e09f-9e7e-4c1d-b744-12d460578606,f106798f-a54b-49a8-9c30-996aa7955787,bdadd3c0-9b85-4661-9c7f-6e927c3aa83d,Well done! The code is clean and follows best practices.,"{""style"":91,""efficiency"":95,""correctness"":86,""documentation"":86}",-6,true,2025-09-18 17:20:53.558,2025-09-18 17:20:53.558
c4e343ce-c2b3-4417-8148-767e097270bf,365b424d-859a-426f-a5cb-cd31c9bd23ce,8b1610ae-7c12-4251-b9e5-22e20dc44937,Excellent implementation! You've handled all test cases perfectly.,"{""style"":76,""efficiency"":94,""correctness"":76,""documentation"":96}",-1,false,2025-09-18 17:21:45.746,2025-09-18 17:21:45.746
c5baf162-cda8-412c-9350-9fec830cad3d,c49bb348-d688-48b6-81f5-e1472b8e6645,9bffaee6-755c-4b58-913e-3ccb77ecfa85,"Good start, but there are some issues with the algorithm complexity.","{""style"":84,""efficiency"":89,""correctness"":71,""documentation"":58}",-9,false,2025-09-18 17:21:57.471,2025-09-18 17:21:57.471
c6fa3090-8e5b-4c95-b373-9c4d57b907af,535de883-2a13-42f5-ad7f-abbdbf13a418,bdadd3c0-9b85-4661-9c7f-6e927c3aa83d,Well done! The code is clean and follows best practices.,"{""style"":82,""efficiency"":76,""correctness"":82,""documentation"":100}",0,false,2025-09-18 17:22:10.305,2025-09-18 17:22:10.305
c9ab4f7d-7fbd-4772-80a6-a90f6f148aaa,3ec64ae3-601f-46c3-b92c-8a573bb667cd,04620a06-5a7a-4244-b373-71b0b093f3a9,Excellent implementation! You've handled all test cases perfectly.,"{""style"":99,""efficiency"":84,""correctness"":100,""documentation"":50}",-10,false,2025-09-18 17:21:59.153,2025-09-18 17:21:59.153
cf5d4162-28f8-46c0-9542-66386daca3fe,980335ec-148b-4d66-98a3-4ac5b5931be8,755b72bd-f5ab-4c92-850c-cbed0e7d8e9f,Nice solution! Consider adding input validation for production code.,"{""style"":89,""efficiency"":89,""correctness"":71,""documentation"":71}",-9,false,2025-09-18 17:21:13.262,2025-09-18 17:21:13.262
cf71fe13-e412-43e6-ba48-8b233d80611c,1107d581-d5f7-4ad9-b681-99fac19f8ae8,3ddfe0a9-6730-4d5c-b6b9-dafd6c96bc4e,Excellent implementation! You've handled all test cases perfectly.,"{""style"":92,""efficiency"":73,""correctness"":99,""documentation"":94}",-2,false,2025-09-18 17:21:39.186,2025-09-18 17:21:39.186
cf999ec0-063e-4431-941e-39b3171b3e20,8769129f-cdfa-4be2-b89b-9541020ffdcb,21068fc0-92f9-431c-b569-b34b834a37e4,"The logic is correct, but the code could be more readable.","{""style"":71,""efficiency"":81,""correctness"":77,""documentation"":98}",1,false,2025-09-18 17:21:52.861,2025-09-18 17:21:52.861
d00e2f3d-a263-4166-9211-4037b9ae24ab,bc16dfd8-e383-4076-979a-7d1100ea3f87,40e87907-ffa5-48ea-967f-ec8f169694f7,Great work! Your solution is efficient and well-commented.,"{""style"":86,""efficiency"":67,""correctness"":83,""documentation"":59}",-4,false,2025-09-18 17:21:06.214,2025-09-18 17:21:06.214
d0f6566a-10de-43e4-9575-15b5517d1b1e,27fc3d89-3253-4f99-9aa1-93b75738c091,83d35cc6-16ba-4eac-a654-4f7368671195,Well done! The code is clean and follows best practices.,"{""style"":80,""efficiency"":95,""correctness"":74,""documentation"":51}",1,true,2025-09-18 17:22:02.221,2025-09-18 17:22:02.221
d27a97f9-755c-4a61-b710-2a9ad937ded1,6762e65b-8746-4e0b-98f5-a2b6b4cb665c,8b1610ae-7c12-4251-b9e5-22e20dc44937,Nice solution! Consider adding input validation for production code.,"{""style"":89,""efficiency"":63,""correctness"":80,""documentation"":67}",4,false,2025-09-18 17:21:29.141,2025-09-18 17:21:29.141
d67a8109-7093-4c49-a98d-b62f1239a85d,b1c7c813-9fa9-4ac5-b872-fc63815bf2f7,3ddfe0a9-6730-4d5c-b6b9-dafd6c96bc4e,Great work! Your solution is efficient and well-commented.,"{""style"":97,""efficiency"":91,""correctness"":100,""documentation"":82}",-3,false,2025-09-18 17:21:22.206,2025-09-18 17:21:22.206
d68796d4-0799-4ff2-bcd4-f104dc0b2403,b92ba138-f699-41d7-bfd4-64a6cb00e2bb,9bffaee6-755c-4b58-913e-3ccb77ecfa85,"Good approach, but consider edge cases for better robustness.","{""style"":90,""efficiency"":82,""correctness"":92,""documentation"":62}",-10,false,2025-09-18 17:22:01.687,2025-09-18 17:22:01.687
d809eac0-0631-44b7-b798-0f9d63fc557b,dab2c0a0-994d-474b-aca9-ff895744cec1,9bffaee6-755c-4b58-913e-3ccb77ecfa85,"Good approach, but consider edge cases for better robustness.","{""style"":87,""efficiency"":83,""correctness"":98,""documentation"":73}",-3,true,2025-09-18 17:21:12.701,2025-09-18 17:21:12.701
d8c49ccd-0392-46d5-8c04-c6c4352885c4,5a2335ef-5450-496a-bd54-700fd3b004d6,8b1610ae-7c12-4251-b9e5-22e20dc44937,"Good approach, but consider edge cases for better robustness.","{""style"":91,""efficiency"":67,""correctness"":90,""documentation"":87}",1,false,2025-09-18 17:22:01.137,2025-09-18 17:22:01.137
d8e8b237-541f-4def-b471-f5b3f2cc4a79,59e7471c-56ad-4d55-b8b5-ac0ca9a0146a,04620a06-5a7a-4244-b373-71b0b093f3a9,"Good approach, but consider edge cases for better robustness.","{""style"":94,""efficiency"":77,""correctness"":97,""documentation"":70}",-1,false,2025-09-18 17:21:56.087,2025-09-18 17:21:56.087
d94e9a9d-cf81-42ee-a0f6-f8de783049d7,ebaae9ba-af20-43fe-920c-1c9b6ab0622d,21068fc0-92f9-431c-b569-b34b834a37e4,Well done! The code is clean and follows best practices.,"{""style"":96,""efficiency"":88,""correctness"":79,""documentation"":66}",-8,false,2025-09-18 17:20:59.358,2025-09-18 17:20:59.358
db4ec4d0-e773-46ce-af49-6ba7088d5a6a,5808a81e-6e02-478c-9f14-e66aaed07834,21068fc0-92f9-431c-b569-b34b834a37e4,Well done! The code is clean and follows best practices.,"{""style"":99,""efficiency"":66,""correctness"":92,""documentation"":71}",2,false,2025-09-18 17:20:54.379,2025-09-18 17:20:54.379
dbecbbb5-1ba2-46f7-a891-d51f9ac95236,962988cd-5596-4727-a6f6-368813f530b0,83d35cc6-16ba-4eac-a654-4f7368671195,"Good approach, but consider edge cases for better robustness.","{""style"":93,""efficiency"":77,""correctness"":88,""documentation"":76}",-3,false,2025-09-18 17:22:00.865,2025-09-18 17:22:00.865
dd5d65c9-fdfa-4f1a-92fa-401d57982103,13447c77-7f08-40ca-88da-bbee75394b82,04620a06-5a7a-4244-b373-71b0b093f3a9,Well done! The code is clean and follows best practices.,"{""style"":96,""efficiency"":70,""correctness"":79,""documentation"":67}",-10,false,2025-09-18 17:22:09.203,2025-09-18 17:22:09.203
dea864db-f9a9-48b0-82d2-9526818da6c2,c71d25e0-ca17-4668-b39d-43e032c1dcfc,6d65d253-008a-477b-8364-d37e9ba1739e,Excellent implementation! You've handled all test cases perfectly.,"{""style"":73,""efficiency"":79,""correctness"":74,""documentation"":81}",5,true,2025-09-18 17:22:10.038,2025-09-18 17:22:10.038
df0d1e34-fc12-4e77-ac91-ee25da495644,25dcebfb-87f8-45af-8c94-7e6134ba1f61,755b72bd-f5ab-4c92-850c-cbed0e7d8e9f,Nice solution! Consider adding input validation for production code.,"{""style"":97,""efficiency"":73,""correctness"":82,""documentation"":79}",2,true,2025-09-18 17:21:09.801,2025-09-18 17:21:09.801
df4ed2fb-156f-4548-b309-f72fec1fe77d,72ab7f1b-6214-4d40-a4fe-8bc143e785e1,6d65d253-008a-477b-8364-d37e9ba1739e,Great work! Your solution is efficient and well-commented.,"{""style"":89,""efficiency"":96,""correctness"":96,""documentation"":63}",-5,false,2025-09-18 17:21:05.389,2025-09-18 17:21:05.389
e1157411-e675-46c9-a233-e9acae5ac894,b1195c8c-919a-47f4-b6df-a33655f325e3,3ddfe0a9-6730-4d5c-b6b9-dafd6c96bc4e,Great work! Your solution is efficient and well-commented.,"{""style"":97,""efficiency"":73,""correctness"":83,""documentation"":50}",5,true,2025-09-18 17:21:01.821,2025-09-18 17:21:01.821
e16d70e6-6a82-4723-84bf-70e258a9c628,bc3350ee-15b8-477a-9370-a7e959224434,755b72bd-f5ab-4c92-850c-cbed0e7d8e9f,"Good work, but try to optimize the time complexity further.","{""style"":81,""efficiency"":98,""correctness"":87,""documentation"":61}",1,false,2025-09-18 17:22:06.125,2025-09-18 17:22:06.125
e19e1420-d966-4eea-b50f-8ed137209478,4c76af52-5a7c-4fd7-8d1d-7a1715500aa7,6d65d253-008a-477b-8364-d37e9ba1739e,"Good approach, but consider edge cases for better robustness.","{""style"":92,""efficiency"":68,""correctness"":87,""documentation"":68}",-10,false,2025-09-18 17:21:53.419,2025-09-18 17:21:53.419
e22c0256-d74f-4e2a-8dff-ed3d5ee7a884,c0048ab4-7de1-47a5-934d-d518db50aa2d,83d35cc6-16ba-4eac-a654-4f7368671195,"Good approach, but consider edge cases for better robustness.","{""style"":99,""efficiency"":76,""correctness"":99,""documentation"":59}",5,false,2025-09-18 17:21:14.086,2025-09-18 17:21:14.086
e3899b06-c39a-4da7-8f97-8bd7ce606f69,e467be0d-8a2f-4407-8b71-d360d490669c,40e87907-ffa5-48ea-967f-ec8f169694f7,Great work! Your solution is efficient and well-commented.,"{""style"":93,""efficiency"":76,""correctness"":79,""documentation"":61}",-1,false,2025-09-18 17:21:28.291,2025-09-18 17:21:28.291
e38a2cf2-b8da-4c59-8b90-2abf41d56928,6a67982f-6960-4f0c-b158-86eb3f648d2e,40e87907-ffa5-48ea-967f-ec8f169694f7,Nice solution! Consider adding input validation for production code.,"{""style"":96,""efficiency"":72,""correctness"":100,""documentation"":91}",0,false,2025-09-18 17:22:01.403,2025-09-18 17:22:01.403
e43ada2a-c931-436f-8eac-a72699ac7a5e,4efac33a-b721-4c81-9e5b-def60ee3e4f2,d0b0158f-9272-49c5-a1db-17203c7ce2f0,"The logic is correct, but the code could be more readable.","{""style"":91,""efficiency"":95,""correctness"":77,""documentation"":73}",-10,false,2025-09-18 17:21:28.858,2025-09-18 17:21:28.858
e6b6c1f7-7d7b-41ad-a3c9-272b02b10f28,2857879e-5d78-4177-89d7-a2c0a1671ea8,21068fc0-92f9-431c-b569-b34b834a37e4,"The logic is correct, but the code could be more readable.","{""style"":90,""efficiency"":95,""correctness"":92,""documentation"":53}",5,true,2025-09-18 17:20:53.276,2025-09-18 17:20:53.276
e7249033-91f5-414c-aa52-70a90786983f,d48d9ab1-aad2-4c63-a415-88168b827bde,9bffaee6-755c-4b58-913e-3ccb77ecfa85,"Good start, but there are some issues with the algorithm complexity.","{""style"":99,""efficiency"":82,""correctness"":73,""documentation"":88}",-2,false,2025-09-18 17:21:59.698,2025-09-18 17:21:59.698
e779ebb6-3f16-4a57-8357-4228829c662f,38766744-ce51-4524-810c-862f960f40c6,6d65d253-008a-477b-8364-d37e9ba1739e,"Good start, but there are some issues with the algorithm complexity.","{""style"":89,""efficiency"":65,""correctness"":77,""documentation"":90}",0,false,2025-09-18 17:21:36.759,2025-09-18 17:21:36.759
e824000f-8a99-47ce-8297-e0a8e5a5d2f3,be25debb-e3ec-4389-9093-2daab5c892b7,21068fc0-92f9-431c-b569-b34b834a37e4,Nice solution! Consider adding input validation for production code.,"{""style"":94,""efficiency"":83,""correctness"":99,""documentation"":90}",-3,false,2025-09-18 17:21:26.926,2025-09-18 17:21:26.926
e989b5e1-3b3d-4bb6-88f7-924e0dc168ea,6b38bfe4-fc52-490f-b7fd-bfccf33c2ae6,21068fc0-92f9-431c-b569-b34b834a37e4,"Good work, but try to optimize the time complexity further.","{""style"":82,""efficiency"":80,""correctness"":85,""documentation"":99}",-8,true,2025-09-18 17:21:00.471,2025-09-18 17:21:00.471
e9ba9300-6591-4bb2-b93d-9e0628d210df,c6112114-14c5-4c5a-9fbe-1866fe81fc3a,6d65d253-008a-477b-8364-d37e9ba1739e,Excellent implementation! You've handled all test cases perfectly.,"{""style"":71,""efficiency"":80,""correctness"":95,""documentation"":91}",-9,true,2025-09-18 17:21:54.453,2025-09-18 17:21:54.453
ea172a91-f3cb-4b9f-aab2-68ccbd609663,ac902672-0655-462a-b864-3bea4fc3c0bc,83d35cc6-16ba-4eac-a654-4f7368671195,Well done! The code is clean and follows best practices.,"{""style"":74,""efficiency"":81,""correctness"":92,""documentation"":98}",-3,false,2025-09-18 17:21:23.115,2025-09-18 17:21:23.115
ea669171-3ce3-4328-8781-5bf14dc61a8a,7cc0e0c9-eb59-4e32-835d-ed36a81c9cc5,d0b0158f-9272-49c5-a1db-17203c7ce2f0,Nice solution! Consider adding input validation for production code.,"{""style"":95,""efficiency"":62,""correctness"":82,""documentation"":59}",2,false,2025-09-18 17:21:43.281,2025-09-18 17:21:43.281
eb19d783-6ef7-43ca-b6aa-17afca2d05ea,7d354568-5821-4fbf-9d4d-82639717a61f,755b72bd-f5ab-4c92-850c-cbed0e7d8e9f,"Good start, but there are some issues with the algorithm complexity.","{""style"":85,""efficiency"":94,""correctness"":88,""documentation"":68}",2,false,2025-09-18 17:21:41.633,2025-09-18 17:21:41.633
ebb7ab19-34ba-4bb5-b509-54456841e720,ea39ee2a-f7c3-4aba-b013-dd4206b5445c,9bffaee6-755c-4b58-913e-3ccb77ecfa85,"Good work, but try to optimize the time complexity further.","{""style"":99,""efficiency"":77,""correctness"":82,""documentation"":57}",-4,false,2025-09-18 17:21:41.368,2025-09-18 17:21:41.368
ee50a833-cf2b-4b72-bd58-dfefa4f77036,452135fb-4774-4004-b0b9-b441c77a7a31,6596c779-02bf-4b85-97d2-04ac04bb648e,Well done! The code is clean and follows best practices.,"{""style"":70,""efficiency"":76,""correctness"":90,""documentation"":65}",2,false,2025-09-18 17:21:18.931,2025-09-18 17:21:18.931
efa16cbb-1337-4af8-b20a-7fbd30be35c5,9c3535d0-ae7e-4dab-9856-128dc4ea1cf5,9bffaee6-755c-4b58-913e-3ccb77ecfa85,Nice solution! Consider adding input validation for production code.,"{""style"":82,""efficiency"":69,""correctness"":92,""documentation"":60}",-10,false,2025-09-18 17:21:25.293,2025-09-18 17:21:25.293
f01d7e47-ec11-4f3a-b53f-b43216e009b2,f86b5836-03a5-4bc9-bc14-781589013fa3,83d35cc6-16ba-4eac-a654-4f7368671195,"Good start, but there are some issues with the algorithm complexity.","{""style"":91,""efficiency"":75,""correctness"":85,""documentation"":87}",1,false,2025-09-18 17:21:56.359,2025-09-18 17:21:56.359
f0df856c-5ec4-47e8-bbb3-2ec9e7a89f58,bbb074f3-a35f-4a1e-b38b-2d11e7119935,d0b0158f-9272-49c5-a1db-17203c7ce2f0,Well done! The code is clean and follows best practices.,"{""style"":88,""efficiency"":62,""correctness"":76,""documentation"":87}",0,false,2025-09-18 17:22:09.758,2025-09-18 17:22:09.758
f1350683-e62e-483b-aea2-a571824fe99b,8f6d400e-1988-4843-9d09-99fcb652d327,6596c779-02bf-4b85-97d2-04ac04bb648e,Great work! Your solution is efficient and well-commented.,"{""style"":81,""efficiency"":64,""correctness"":78,""documentation"":99}",-2,true,2025-09-18 17:21:02.448,2025-09-18 17:21:02.448
f28db36d-6d54-4d84-981b-1b27b3143bde,0616a37f-9f75-4ec3-a6e7-390daad286d1,8b1610ae-7c12-4251-b9e5-22e20dc44937,"Good approach, but consider edge cases for better robustness.","{""style"":87,""efficiency"":68,""correctness"":87,""documentation"":78}",-6,false,2025-09-18 17:21:29.959,2025-09-18 17:21:29.959
f3624332-5275-4e9d-9eb2-8b318cae1e09,f4a964f5-fcb5-4196-a90b-17b0fc17f9df,6d65d253-008a-477b-8364-d37e9ba1739e,Great work! Your solution is efficient and well-commented.,"{""style"":80,""efficiency"":67,""correctness"":95,""documentation"":55}",3,false,2025-09-18 17:21:18.071,2025-09-18 17:21:18.071
f36f0b53-a9b7-4877-bb88-00b354c2fac4,26fca552-bd4e-41f2-8ffa-daaad399cece,64a7c78b-b2e8-402d-8c6e-490277b66d7e,"Good start, but there are some issues with the algorithm complexity.","{""style"":100,""efficiency"":92,""correctness"":70,""documentation"":92}",-1,false,2025-09-18 17:21:34.305,2025-09-18 17:21:34.305
f3a8a4a0-bd56-46c6-9723-a6933d09667c,6d77a14c-5984-4f82-a9e4-636d785908d3,3ddfe0a9-6730-4d5c-b6b9-dafd6c96bc4e,Nice solution! Consider adding input validation for production code.,"{""style"":95,""efficiency"":97,""correctness"":90,""documentation"":95}",-2,false,2025-09-18 17:21:41.897,2025-09-18 17:21:41.897
f4624709-236f-41f2-83f3-7073963f4ca9,47d818f1-9238-44a9-b148-f01a342fb470,d0b0158f-9272-49c5-a1db-17203c7ce2f0,"The logic is correct, but the code could be more readable.","{""style"":86,""efficiency"":97,""correctness"":76,""documentation"":92}",-7,false,2025-09-18 17:22:00.572,2025-09-18 17:22:00.572
f466789e-7ea9-49ae-93d8-be9858af74db,58f71e15-850c-43c3-95b9-52f90d8cb1b0,755b72bd-f5ab-4c92-850c-cbed0e7d8e9f,Nice solution! Consider adding input validation for production code.,"{""style"":70,""efficiency"":81,""correctness"":70,""documentation"":60}",-10,false,2025-09-18 17:21:30.223,2025-09-18 17:21:30.223
f4ab0481-bab1-484e-af95-5888f4b08069,e5f7dd14-ea4c-4216-aee6-ac513c8453b9,ee52203d-989f-4f7a-aeb5-a2bef004164c,Excellent implementation! You've handled all test cases perfectly.,"{""style"":72,""efficiency"":79,""correctness"":93,""documentation"":80}",-2,false,2025-09-18 17:21:20.57,2025-09-18 17:21:20.57
f4ee3b35-6548-4af1-9266-7d7e8ca6a176,78b9307f-b7f1-4fd9-b086-8fe6b221ef0e,53c2cad2-f417-4e15-85d5-ec013e45a614,Nice solution! Consider adding input validation for production code.,"{""style"":81,""efficiency"":78,""correctness"":88,""documentation"":53}",-1,false,2025-09-18 17:22:05.305,2025-09-18 17:22:05.305
f520d8b3-4f5a-4697-b67d-6d2dfc27c920,41767f0e-366f-478b-b750-dd1292406fae,9bffaee6-755c-4b58-913e-3ccb77ecfa85,Well done! The code is clean and follows best practices.,"{""style"":90,""efficiency"":78,""correctness"":85,""documentation"":64}",2,true,2025-09-18 17:21:08.923,2025-09-18 17:21:08.923
f695be5b-6a00-4615-9511-39bead422393,c2849955-02ef-4925-9d72-01fb5e269d49,755b72bd-f5ab-4c92-850c-cbed0e7d8e9f,"Good approach, but consider edge cases for better robustness.","{""style"":73,""efficiency"":95,""correctness"":89,""documentation"":74}",-8,false,2025-09-18 17:22:00.31,2025-09-18 17:22:00.31
f7653af5-397e-475c-bbf5-58bf3e7571d7,c9612ea9-fc53-4c8a-91e8-e856dfd63248,64a7c78b-b2e8-402d-8c6e-490277b66d7e,Nice solution! Consider adding input validation for production code.,"{""style"":90,""efficiency"":82,""correctness"":94,""documentation"":68}",4,false,2025-09-18 17:22:07.517,2025-09-18 17:22:07.517
f81ec6a7-813a-4dcd-bdd0-680d68305bdf,32f81b18-5ae7-421b-a93c-6039efa4764f,04620a06-5a7a-4244-b373-71b0b093f3a9,Nice solution! Consider adding input validation for production code.,"{""style"":83,""efficiency"":67,""correctness"":83,""documentation"":52}",-8,false,2025-09-18 17:21:10.468,2025-09-18 17:21:10.468
f8dba00a-a84f-4631-9aa5-334c279eb55c,312b15f2-3b32-4d45-aa8a-a46cf183b001,64a7c78b-b2e8-402d-8c6e-490277b66d7e,"Good work, but try to optimize the time complexity further.","{""style"":88,""efficiency"":85,""correctness"":97,""documentation"":100}",3,false,2025-09-18 17:21:50.564,2025-09-18 17:21:50.564
f985daf2-99dc-4947-bbed-77764f1c614d,78a3b49a-3988-4b47-be62-f3c5eeb352fb,21068fc0-92f9-431c-b569-b34b834a37e4,Nice solution! Consider adding input validation for production code.,"{""style"":88,""efficiency"":63,""correctness"":71,""documentation"":54}",-4,true,2025-09-18 17:22:11.392,2025-09-18 17:22:11.392
fa25d936-2e95-4f90-b8b9-d06b63b45363,f2ff0cd9-b860-4f27-9183-300e5751b85b,21068fc0-92f9-431c-b569-b34b834a37e4,"Good approach, but consider edge cases for better robustness.","{""style"":74,""efficiency"":80,""correctness"":85,""documentation"":52}",4,false,2025-09-18 17:21:26.119,2025-09-18 17:21:26.119
fb091112-7876-402b-ae13-fc1dd240d546,76a7d29d-bede-4e03-99b9-de8aa3104b76,bdadd3c0-9b85-4661-9c7f-6e927c3aa83d,"Good approach, but consider edge cases for better robustness.","{""style"":91,""efficiency"":78,""correctness"":83,""documentation"":89}",0,true,2025-09-18 17:21:35.711,2025-09-18 17:21:35.711
fb5fbd23-afca-4486-aa37-3ee8c1db4b40,2657d346-8d87-4946-9559-b9de1ccc5b03,9bffaee6-755c-4b58-913e-3ccb77ecfa85,Excellent implementation! You've handled all test cases perfectly.,"{""style"":91,""efficiency"":75,""correctness"":73,""documentation"":74}",-9,false,2025-09-18 17:21:33.203,2025-09-18 17:21:33.203
ff052494-b662-4cce-acfe-5bfcec50c53c,ae0671cb-f4db-4d24-a83d-ffaa2e38e3af,3ddfe0a9-6730-4d5c-b6b9-dafd6c96bc4e,"Good approach, but consider edge cases for better robustness.","{""style"":79,""efficiency"":63,""correctness"":86,""documentation"":93}",0,false,2025-09-18 17:22:02.762,2025-09-18 17:22:02.762
fffd3d7b-4e36-42c9-a07f-bd8a402f28d8,06bfdef0-404a-4977-a3b3-f7828a347879,53c2cad2-f417-4e15-85d5-ec013e45a614,Great work! Your solution is efficient and well-commented.,"{""style"":91,""efficiency"":93,""correctness"":85,""documentation"":63}",5,false,2025-09-18 17:21:17.806,2025-09-18 17:21:17.806